filename,image_path,mask_path,width,height,channels,polyp_pixels,total_pixels,area_pct,size_bucket,is_clean_binary
cju0qkwl35piu0993l0dewei2.jpg,Data/Kvasir-SEG/images/cju0qkwl35piu0993l0dewei2.jpg,Data/Kvasir-SEG/masks/cju0qkwl35piu0993l0dewei2.jpg,622,529,3,93043,329038,28.2773,Large,False
cju0qoxqj9q6s0835b43399p4.jpg,Data/Kvasir-SEG/images/cju0qoxqj9q6s0835b43399p4.jpg,Data/Kvasir-SEG/masks/cju0qoxqj9q6s0835b43399p4.jpg,1348,1070,3,390295,1442360,27.0595,Large,False
cju0qx73cjw570799j4n5cjze.jpg,Data/Kvasir-SEG/images/cju0qx73cjw570799j4n5cjze.jpg,Data/Kvasir-SEG/masks/cju0qx73cjw570799j4n5cjze.jpg,619,529,3,104400,327451,31.8826,Large,False
cju0roawvklrq0799vmjorwfv.jpg,Data/Kvasir-SEG/images/cju0roawvklrq0799vmjorwfv.jpg,Data/Kvasir-SEG/masks/cju0roawvklrq0799vmjorwfv.jpg,622,528,3,35632,328416,10.8497,Medium,False
cju0rx1idathl0835detmsp84.jpg,Data/Kvasir-SEG/images/cju0rx1idathl0835detmsp84.jpg,Data/Kvasir-SEG/masks/cju0rx1idathl0835detmsp84.jpg,617,528,3,23706,325776,7.2768,Medium,False
cju0s2a9ekvms080138tjjpxr.jpg,Data/Kvasir-SEG/images/cju0s2a9ekvms080138tjjpxr.jpg,Data/Kvasir-SEG/masks/cju0s2a9ekvms080138tjjpxr.jpg,626,547,3,70923,342422,20.7122,Large,False
cju0s690hkp960855tjuaqvv0.jpg,Data/Kvasir-SEG/images/cju0s690hkp960855tjuaqvv0.jpg,Data/Kvasir-SEG/masks/cju0s690hkp960855tjuaqvv0.jpg,621,530,3,12054,329130,3.6624,Small,False
cju0sr5ghl0nd08789uzf1raf.jpg,Data/Kvasir-SEG/images/cju0sr5ghl0nd08789uzf1raf.jpg,Data/Kvasir-SEG/masks/cju0sr5ghl0nd08789uzf1raf.jpg,1214,1019,3,165185,1237066,13.353,Medium,False
cju0sxqiclckk08551ycbwhno.jpg,Data/Kvasir-SEG/images/cju0sxqiclckk08551ycbwhno.jpg,Data/Kvasir-SEG/masks/cju0sxqiclckk08551ycbwhno.jpg,570,531,3,13168,302670,4.3506,Small,False
cju0t4oil7vzk099370nun5h9.jpg,Data/Kvasir-SEG/images/cju0t4oil7vzk099370nun5h9.jpg,Data/Kvasir-SEG/masks/cju0t4oil7vzk099370nun5h9.jpg,622,530,3,112048,329660,33.989,Large,False
cju0tl3uz8blh0993wxvn7ly3.jpg,Data/Kvasir-SEG/images/cju0tl3uz8blh0993wxvn7ly3.jpg,Data/Kvasir-SEG/masks/cju0tl3uz8blh0993wxvn7ly3.jpg,622,529,3,1735,329038,0.5273,Small,False
cju0u2g7pmnux0801vkk47ivj.jpg,Data/Kvasir-SEG/images/cju0u2g7pmnux0801vkk47ivj.jpg,Data/Kvasir-SEG/masks/cju0u2g7pmnux0801vkk47ivj.jpg,611,530,3,94681,323830,29.2379,Large,False
cju0u82z3cuma0835wlxrnrjv.jpg,Data/Kvasir-SEG/images/cju0u82z3cuma0835wlxrnrjv.jpg,Data/Kvasir-SEG/masks/cju0u82z3cuma0835wlxrnrjv.jpg,626,546,3,84400,341796,24.6931,Large,False
cju0ue769mxii08019zqgdbxn.jpg,Data/Kvasir-SEG/images/cju0ue769mxii08019zqgdbxn.jpg,Data/Kvasir-SEG/masks/cju0ue769mxii08019zqgdbxn.jpg,626,547,3,16347,342422,4.7739,Small,False
cju0vtox5ain6099360pu62rp.jpg,Data/Kvasir-SEG/images/cju0vtox5ain6099360pu62rp.jpg,Data/Kvasir-SEG/masks/cju0vtox5ain6099360pu62rp.jpg,622,531,3,14713,330282,4.4547,Small,False
cju13cgqmnhwn0988yrainhcp.jpg,Data/Kvasir-SEG/images/cju13cgqmnhwn0988yrainhcp.jpg,Data/Kvasir-SEG/masks/cju13cgqmnhwn0988yrainhcp.jpg,626,546,3,42478,341796,12.4279,Medium,False
cju13fwthn9mq0835gacxgy01.jpg,Data/Kvasir-SEG/images/cju13fwthn9mq0835gacxgy01.jpg,Data/Kvasir-SEG/masks/cju13fwthn9mq0835gacxgy01.jpg,623,529,3,45633,329567,13.8463,Medium,False
cju13hp5rnbjx0835bf0jowgx.jpg,Data/Kvasir-SEG/images/cju13hp5rnbjx0835bf0jowgx.jpg,Data/Kvasir-SEG/masks/cju13hp5rnbjx0835bf0jowgx.jpg,622,531,3,35189,330282,10.6542,Medium,False
cju14g8o4xui30878gkgbrvqj.jpg,Data/Kvasir-SEG/images/cju14g8o4xui30878gkgbrvqj.jpg,Data/Kvasir-SEG/masks/cju14g8o4xui30878gkgbrvqj.jpg,622,531,3,8522,330282,2.5802,Small,False
cju14hjh2ob2o0835ouz3r5aa.jpg,Data/Kvasir-SEG/images/cju14hjh2ob2o0835ouz3r5aa.jpg,Data/Kvasir-SEG/masks/cju14hjh2ob2o0835ouz3r5aa.jpg,609,546,3,41722,332514,12.5474,Medium,False
cju14pxbaoksp0835qzorx6g6.jpg,Data/Kvasir-SEG/images/cju14pxbaoksp0835qzorx6g6.jpg,Data/Kvasir-SEG/masks/cju14pxbaoksp0835qzorx6g6.jpg,622,530,3,23659,329660,7.1768,Medium,False
cju15czxqp3lv0835jvhgzurz.jpg,Data/Kvasir-SEG/images/cju15czxqp3lv0835jvhgzurz.jpg,Data/Kvasir-SEG/masks/cju15czxqp3lv0835jvhgzurz.jpg,620,547,3,92581,339140,27.2988,Large,False
cju15jr8jz8sb0855ukmkswkz.jpg,Data/Kvasir-SEG/images/cju15jr8jz8sb0855ukmkswkz.jpg,Data/Kvasir-SEG/masks/cju15jr8jz8sb0855ukmkswkz.jpg,594,528,3,98457,313632,31.3925,Large,False
cju15l5ubz9yh0855b3ivdpse.jpg,Data/Kvasir-SEG/images/cju15l5ubz9yh0855b3ivdpse.jpg,Data/Kvasir-SEG/masks/cju15l5ubz9yh0855b3ivdpse.jpg,626,547,3,11925,342422,3.4825,Small,False
cju15mhjczc8z0801kit5c6di.jpg,Data/Kvasir-SEG/images/cju15mhjczc8z0801kit5c6di.jpg,Data/Kvasir-SEG/masks/cju15mhjczc8z0801kit5c6di.jpg,624,546,3,45888,340704,13.4686,Medium,False
cju15ptjtppz40988odsm9azx.jpg,Data/Kvasir-SEG/images/cju15ptjtppz40988odsm9azx.jpg,Data/Kvasir-SEG/masks/cju15ptjtppz40988odsm9azx.jpg,622,529,3,19574,329038,5.9489,Medium,False
cju15wdt3zla10801odjiw7sy.jpg,Data/Kvasir-SEG/images/cju15wdt3zla10801odjiw7sy.jpg,Data/Kvasir-SEG/masks/cju15wdt3zla10801odjiw7sy.jpg,622,529,3,53819,329038,16.3565,Medium,False
cju160wshltz10993i1gmqxbe.jpg,Data/Kvasir-SEG/images/cju160wshltz10993i1gmqxbe.jpg,Data/Kvasir-SEG/masks/cju160wshltz10993i1gmqxbe.jpg,607,530,3,8532,321710,2.6521,Small,False
cju16ach3m1da0993r1dq3sn2.jpg,Data/Kvasir-SEG/images/cju16ach3m1da0993r1dq3sn2.jpg,Data/Kvasir-SEG/masks/cju16ach3m1da0993r1dq3sn2.jpg,616,528,3,86688,325248,26.6529,Large,False
cju16b6ynq8e40988m8vx0xnj.jpg,Data/Kvasir-SEG/images/cju16b6ynq8e40988m8vx0xnj.jpg,Data/Kvasir-SEG/masks/cju16b6ynq8e40988m8vx0xnj.jpg,571,530,3,5578,302630,1.8432,Small,False
cju16d65tzw9d0799ouslsw25.jpg,Data/Kvasir-SEG/images/cju16d65tzw9d0799ouslsw25.jpg,Data/Kvasir-SEG/masks/cju16d65tzw9d0799ouslsw25.jpg,481,530,3,11911,254930,4.6723,Small,False
cju16fpvhzypl0799p9phnlx6.jpg,Data/Kvasir-SEG/images/cju16fpvhzypl0799p9phnlx6.jpg,Data/Kvasir-SEG/masks/cju16fpvhzypl0799p9phnlx6.jpg,626,546,3,36123,341796,10.5686,Medium,False
cju16jgnyzp970878melv7r25.jpg,Data/Kvasir-SEG/images/cju16jgnyzp970878melv7r25.jpg,Data/Kvasir-SEG/masks/cju16jgnyzp970878melv7r25.jpg,560,529,3,34496,296240,11.6446,Medium,False
cju16whaj0e7n0855q7b6cjkm.jpg,Data/Kvasir-SEG/images/cju16whaj0e7n0855q7b6cjkm.jpg,Data/Kvasir-SEG/masks/cju16whaj0e7n0855q7b6cjkm.jpg,626,547,3,89053,342422,26.0068,Large,False
cju171py4qiha0835u8sl59ds.jpg,Data/Kvasir-SEG/images/cju171py4qiha0835u8sl59ds.jpg,Data/Kvasir-SEG/masks/cju171py4qiha0835u8sl59ds.jpg,616,530,3,119613,326480,36.6372,Large,False
cju175facms5f0993a5tjikvt.jpg,Data/Kvasir-SEG/images/cju175facms5f0993a5tjikvt.jpg,Data/Kvasir-SEG/masks/cju175facms5f0993a5tjikvt.jpg,621,528,3,75463,327888,23.0149,Large,False
cju17bz250pgd0799u1hqkj5u.jpg,Data/Kvasir-SEG/images/cju17bz250pgd0799u1hqkj5u.jpg,Data/Kvasir-SEG/masks/cju17bz250pgd0799u1hqkj5u.jpg,626,547,3,31017,342422,9.0581,Medium,False
cju17g6ykn1cs0993dww6qdi8.jpg,Data/Kvasir-SEG/images/cju17g6ykn1cs0993dww6qdi8.jpg,Data/Kvasir-SEG/masks/cju17g6ykn1cs0993dww6qdi8.jpg,605,510,3,96882,308550,31.3991,Large,False
cju17hw9hr9c5098800fu4u8e.jpg,Data/Kvasir-SEG/images/cju17hw9hr9c5098800fu4u8e.jpg,Data/Kvasir-SEG/masks/cju17hw9hr9c5098800fu4u8e.jpg,623,528,3,7918,328944,2.4071,Small,False
cju17otoe119u0799nqcbl8n1.jpg,Data/Kvasir-SEG/images/cju17otoe119u0799nqcbl8n1.jpg,Data/Kvasir-SEG/masks/cju17otoe119u0799nqcbl8n1.jpg,519,511,3,163602,265209,61.688,Large,False
cju17r8il13910799dr2wme2e.jpg,Data/Kvasir-SEG/images/cju17r8il13910799dr2wme2e.jpg,Data/Kvasir-SEG/masks/cju17r8il13910799dr2wme2e.jpg,622,531,3,3982,330282,1.2056,Small,False
cju17v6ih0u7808783zcbg1jy.jpg,Data/Kvasir-SEG/images/cju17v6ih0u7808783zcbg1jy.jpg,Data/Kvasir-SEG/masks/cju17v6ih0u7808783zcbg1jy.jpg,622,528,3,115218,328416,35.0829,Large,False
cju17x0j4nfc10993y31pvlgs.jpg,Data/Kvasir-SEG/images/cju17x0j4nfc10993y31pvlgs.jpg,Data/Kvasir-SEG/masks/cju17x0j4nfc10993y31pvlgs.jpg,459,526,3,169623,241434,70.2565,Large,False
cju17z0qongpa0993de4boim4.jpg,Data/Kvasir-SEG/images/cju17z0qongpa0993de4boim4.jpg,Data/Kvasir-SEG/masks/cju17z0qongpa0993de4boim4.jpg,622,529,3,16716,329038,5.0803,Medium,False
cju1819curo000988pd5xcqme.jpg,Data/Kvasir-SEG/images/cju1819curo000988pd5xcqme.jpg,Data/Kvasir-SEG/masks/cju1819curo000988pd5xcqme.jpg,600,529,3,34083,317400,10.7382,Medium,False
cju183od81ff608017ekzif89.jpg,Data/Kvasir-SEG/images/cju183od81ff608017ekzif89.jpg,Data/Kvasir-SEG/masks/cju183od81ff608017ekzif89.jpg,622,511,3,48491,317842,15.2563,Medium,False
cju1871y11d6r0799k6cw4yze.jpg,Data/Kvasir-SEG/images/cju1871y11d6r0799k6cw4yze.jpg,Data/Kvasir-SEG/masks/cju1871y11d6r0799k6cw4yze.jpg,480,531,3,38963,254880,15.2868,Medium,False
cju18849rrsgr0988p90hkygb.jpg,Data/Kvasir-SEG/images/cju18849rrsgr0988p90hkygb.jpg,Data/Kvasir-SEG/masks/cju18849rrsgr0988p90hkygb.jpg,619,528,3,37479,326832,11.4674,Medium,False
cju18gzrq18zw0878wbf4ftw6.jpg,Data/Kvasir-SEG/images/cju18gzrq18zw0878wbf4ftw6.jpg,Data/Kvasir-SEG/masks/cju18gzrq18zw0878wbf4ftw6.jpg,626,546,3,26141,341796,7.6481,Medium,False
cju18ibp219ub08783i6o98g7.jpg,Data/Kvasir-SEG/images/cju18ibp219ub08783i6o98g7.jpg,Data/Kvasir-SEG/masks/cju18ibp219ub08783i6o98g7.jpg,615,528,3,6016,324720,1.8527,Small,False
cju18kevfrojc0835bn90f1in.jpg,Data/Kvasir-SEG/images/cju18kevfrojc0835bn90f1in.jpg,Data/Kvasir-SEG/masks/cju18kevfrojc0835bn90f1in.jpg,621,528,3,17517,327888,5.3424,Medium,False
cju1alwgo30z60855fm3y23sm.jpg,Data/Kvasir-SEG/images/cju1alwgo30z60855fm3y23sm.jpg,Data/Kvasir-SEG/masks/cju1alwgo30z60855fm3y23sm.jpg,622,529,3,27943,329038,8.4923,Medium,False
cju1amqw6p8pw0993d9gc5crl.jpg,Data/Kvasir-SEG/images/cju1amqw6p8pw0993d9gc5crl.jpg,Data/Kvasir-SEG/masks/cju1amqw6p8pw0993d9gc5crl.jpg,622,547,3,8328,340234,2.4477,Small,False
cju1aqqv02qwz0878a5cyhr67.jpg,Data/Kvasir-SEG/images/cju1aqqv02qwz0878a5cyhr67.jpg,Data/Kvasir-SEG/masks/cju1aqqv02qwz0878a5cyhr67.jpg,626,547,3,19185,342422,5.6027,Medium,False
cju1ats0y372e08011yazcsxm.jpg,Data/Kvasir-SEG/images/cju1ats0y372e08011yazcsxm.jpg,Data/Kvasir-SEG/masks/cju1ats0y372e08011yazcsxm.jpg,623,528,3,51281,328944,15.5896,Medium,False
cju1b0y2e396p08558ois175d.jpg,Data/Kvasir-SEG/images/cju1b0y2e396p08558ois175d.jpg,Data/Kvasir-SEG/masks/cju1b0y2e396p08558ois175d.jpg,626,546,3,13801,341796,4.0378,Small,False
cju1b3zgj3d8e0801kpolea6c.jpg,Data/Kvasir-SEG/images/cju1b3zgj3d8e0801kpolea6c.jpg,Data/Kvasir-SEG/masks/cju1b3zgj3d8e0801kpolea6c.jpg,601,528,3,44977,317328,14.1737,Medium,False
cju1b75x63ddl0799sdp0i2j3.jpg,Data/Kvasir-SEG/images/cju1b75x63ddl0799sdp0i2j3.jpg,Data/Kvasir-SEG/masks/cju1b75x63ddl0799sdp0i2j3.jpg,549,530,3,19559,290970,6.722,Medium,False
cju1bhnfitmge0835ynls0l6b.jpg,Data/Kvasir-SEG/images/cju1bhnfitmge0835ynls0l6b.jpg,Data/Kvasir-SEG/masks/cju1bhnfitmge0835ynls0l6b.jpg,622,531,3,27054,330282,8.1912,Medium,False
cju1bm8063nmh07996rsjjemq.jpg,Data/Kvasir-SEG/images/cju1bm8063nmh07996rsjjemq.jpg,Data/Kvasir-SEG/masks/cju1bm8063nmh07996rsjjemq.jpg,607,530,3,78412,321710,24.3735,Large,False
cju1brhsj3rls0855a1vgdlen.jpg,Data/Kvasir-SEG/images/cju1brhsj3rls0855a1vgdlen.jpg,Data/Kvasir-SEG/masks/cju1brhsj3rls0855a1vgdlen.jpg,570,530,3,12045,302100,3.9871,Small,False
cju1c0qb4tzi308355wtsnp0y.jpg,Data/Kvasir-SEG/images/cju1c0qb4tzi308355wtsnp0y.jpg,Data/Kvasir-SEG/masks/cju1c0qb4tzi308355wtsnp0y.jpg,622,530,3,115060,329660,34.9026,Large,False
cju1c3218411b08014g9f6gig.jpg,Data/Kvasir-SEG/images/cju1c3218411b08014g9f6gig.jpg,Data/Kvasir-SEG/masks/cju1c3218411b08014g9f6gig.jpg,626,546,3,54326,341796,15.8943,Medium,False
cju1c4fcu40hl07992b8gj0c8.jpg,Data/Kvasir-SEG/images/cju1c4fcu40hl07992b8gj0c8.jpg,Data/Kvasir-SEG/masks/cju1c4fcu40hl07992b8gj0c8.jpg,626,546,3,18591,341796,5.4392,Medium,False
cju1c6yfz42md08550zgoz3pw.jpg,Data/Kvasir-SEG/images/cju1c6yfz42md08550zgoz3pw.jpg,Data/Kvasir-SEG/masks/cju1c6yfz42md08550zgoz3pw.jpg,536,530,3,76040,284080,26.7671,Large,False
cju1c8ffau5770835g0g343o8.jpg,Data/Kvasir-SEG/images/cju1c8ffau5770835g0g343o8.jpg,Data/Kvasir-SEG/masks/cju1c8ffau5770835g0g343o8.jpg,622,529,3,11719,329038,3.5616,Small,False
cju1cbokpuiw70988j4lq1fpi.jpg,Data/Kvasir-SEG/images/cju1cbokpuiw70988j4lq1fpi.jpg,Data/Kvasir-SEG/masks/cju1cbokpuiw70988j4lq1fpi.jpg,615,529,3,13704,325335,4.2123,Small,False
cju1cdxvz48hw0801i0fjwcnk.jpg,Data/Kvasir-SEG/images/cju1cdxvz48hw0801i0fjwcnk.jpg,Data/Kvasir-SEG/masks/cju1cdxvz48hw0801i0fjwcnk.jpg,577,505,3,18732,291385,6.4286,Medium,False
cju1cfhyg48bb0799cl5pr2jh.jpg,Data/Kvasir-SEG/images/cju1cfhyg48bb0799cl5pr2jh.jpg,Data/Kvasir-SEG/masks/cju1cfhyg48bb0799cl5pr2jh.jpg,626,547,3,56216,342422,16.4172,Medium,False
cju1cj3f0qi5n0993ut8f49rj.jpg,Data/Kvasir-SEG/images/cju1cj3f0qi5n0993ut8f49rj.jpg,Data/Kvasir-SEG/masks/cju1cj3f0qi5n0993ut8f49rj.jpg,616,530,3,76622,326480,23.4691,Large,False
cju1cnnziug1l0835yh4ropyg.jpg,Data/Kvasir-SEG/images/cju1cnnziug1l0835yh4ropyg.jpg,Data/Kvasir-SEG/masks/cju1cnnziug1l0835yh4ropyg.jpg,570,531,3,58322,302670,19.2692,Medium,False
cju1cqc7n4gpy0855jt246k68.jpg,Data/Kvasir-SEG/images/cju1cqc7n4gpy0855jt246k68.jpg,Data/Kvasir-SEG/masks/cju1cqc7n4gpy0855jt246k68.jpg,616,529,3,11245,325864,3.4508,Small,False
cju1csmlc4ht10799b8ymmghg.jpg,Data/Kvasir-SEG/images/cju1csmlc4ht10799b8ymmghg.jpg,Data/Kvasir-SEG/masks/cju1csmlc4ht10799b8ymmghg.jpg,612,546,3,43713,334152,13.0818,Medium,False
cju1cu1u2474n0878tt7v4tdr.jpg,Data/Kvasir-SEG/images/cju1cu1u2474n0878tt7v4tdr.jpg,Data/Kvasir-SEG/masks/cju1cu1u2474n0878tt7v4tdr.jpg,621,531,3,6785,329751,2.0576,Small,False
cju1cvkfwqrec0993wbp1jlzm.jpg,Data/Kvasir-SEG/images/cju1cvkfwqrec0993wbp1jlzm.jpg,Data/Kvasir-SEG/masks/cju1cvkfwqrec0993wbp1jlzm.jpg,622,531,3,13906,330282,4.2103,Small,False
cju1cyjb5qtie0993njqne9m3.jpg,Data/Kvasir-SEG/images/cju1cyjb5qtie0993njqne9m3.jpg,Data/Kvasir-SEG/masks/cju1cyjb5qtie0993njqne9m3.jpg,626,547,3,173688,342422,50.7234,Large,False
cju1d31sp4d4k0878r3fr02ul.jpg,Data/Kvasir-SEG/images/cju1d31sp4d4k0878r3fr02ul.jpg,Data/Kvasir-SEG/masks/cju1d31sp4d4k0878r3fr02ul.jpg,622,529,3,27044,329038,8.2191,Medium,False
cju1d50a94qf50855wsowacrc.jpg,Data/Kvasir-SEG/images/cju1d50a94qf50855wsowacrc.jpg,Data/Kvasir-SEG/masks/cju1d50a94qf50855wsowacrc.jpg,622,530,3,19978,329660,6.0602,Medium,False
cju1d96gsv62d09881b3wecw2.jpg,Data/Kvasir-SEG/images/cju1d96gsv62d09881b3wecw2.jpg,Data/Kvasir-SEG/masks/cju1d96gsv62d09881b3wecw2.jpg,622,528,3,83015,328416,25.2774,Large,False
cju1ddr6p4k5z08780uuuzit2.jpg,Data/Kvasir-SEG/images/cju1ddr6p4k5z08780uuuzit2.jpg,Data/Kvasir-SEG/masks/cju1ddr6p4k5z08780uuuzit2.jpg,570,531,3,9610,302670,3.1751,Small,False
cju1dfeupuzlw0835gnxip369.jpg,Data/Kvasir-SEG/images/cju1dfeupuzlw0835gnxip369.jpg,Data/Kvasir-SEG/masks/cju1dfeupuzlw0835gnxip369.jpg,1348,1070,3,102806,1442360,7.1276,Medium,False
cju1dg44i4z3w0801nyz4p6zf.jpg,Data/Kvasir-SEG/images/cju1dg44i4z3w0801nyz4p6zf.jpg,Data/Kvasir-SEG/masks/cju1dg44i4z3w0801nyz4p6zf.jpg,623,528,3,2908,328944,0.884,Small,False
cju1dhfok4mhe0878jlgrag0h.jpg,Data/Kvasir-SEG/images/cju1dhfok4mhe0878jlgrag0h.jpg,Data/Kvasir-SEG/masks/cju1dhfok4mhe0878jlgrag0h.jpg,626,546,3,20856,341796,6.1019,Medium,False
cju1dia8hvc6v098827mgffnm.jpg,Data/Kvasir-SEG/images/cju1dia8hvc6v098827mgffnm.jpg,Data/Kvasir-SEG/masks/cju1dia8hvc6v098827mgffnm.jpg,616,528,3,13806,325248,4.2448,Small,False
cju1djtprvd7b0988thwwrg09.jpg,Data/Kvasir-SEG/images/cju1djtprvd7b0988thwwrg09.jpg,Data/Kvasir-SEG/masks/cju1djtprvd7b0988thwwrg09.jpg,590,529,3,18627,312110,5.9681,Medium,False
cju1dnz61vfp40988e78bkjga.jpg,Data/Kvasir-SEG/images/cju1dnz61vfp40988e78bkjga.jpg,Data/Kvasir-SEG/masks/cju1dnz61vfp40988e78bkjga.jpg,627,547,3,19915,342969,5.8066,Medium,False
cju1dq3x1vgx109889c7wyirg.jpg,Data/Kvasir-SEG/images/cju1dq3x1vgx109889c7wyirg.jpg,Data/Kvasir-SEG/masks/cju1dq3x1vgx109889c7wyirg.jpg,617,513,3,34262,316521,10.8246,Medium,False
cju1drnhbrb9409935wi7vkhg.jpg,Data/Kvasir-SEG/images/cju1drnhbrb9409935wi7vkhg.jpg,Data/Kvasir-SEG/masks/cju1drnhbrb9409935wi7vkhg.jpg,619,529,3,119614,327451,36.5288,Large,False
cju1efbr0rqxz09931z0lf4vf.jpg,Data/Kvasir-SEG/images/cju1efbr0rqxz09931z0lf4vf.jpg,Data/Kvasir-SEG/masks/cju1efbr0rqxz09931z0lf4vf.jpg,622,529,3,19756,329038,6.0042,Medium,False
cju1egh885m1l0855ci1lt37c.jpg,Data/Kvasir-SEG/images/cju1egh885m1l0855ci1lt37c.jpg,Data/Kvasir-SEG/masks/cju1egh885m1l0855ci1lt37c.jpg,566,531,3,7477,300546,2.4878,Small,False
cju1egx9pvz2n0988eoy8jp23.jpg,Data/Kvasir-SEG/images/cju1egx9pvz2n0988eoy8jp23.jpg,Data/Kvasir-SEG/masks/cju1egx9pvz2n0988eoy8jp23.jpg,622,529,3,5215,329038,1.5849,Small,False
cju1ejj7dvqfa0835ra184v5m.jpg,Data/Kvasir-SEG/images/cju1ejj7dvqfa0835ra184v5m.jpg,Data/Kvasir-SEG/masks/cju1ejj7dvqfa0835ra184v5m.jpg,619,547,3,50639,338593,14.9557,Medium,False
cju1erep75us208553i4ofwwe.jpg,Data/Kvasir-SEG/images/cju1erep75us208553i4ofwwe.jpg,Data/Kvasir-SEG/masks/cju1erep75us208553i4ofwwe.jpg,613,547,3,59391,335311,17.7122,Medium,False
cju1euant5l960878iqj5vvto.jpg,Data/Kvasir-SEG/images/cju1euant5l960878iqj5vvto.jpg,Data/Kvasir-SEG/masks/cju1euant5l960878iqj5vvto.jpg,622,531,3,19171,330282,5.8044,Medium,False
cju1euuc65wm00799m4sjdnnn.jpg,Data/Kvasir-SEG/images/cju1euuc65wm00799m4sjdnnn.jpg,Data/Kvasir-SEG/masks/cju1euuc65wm00799m4sjdnnn.jpg,570,530,3,11367,302100,3.7627,Small,False
cju1ewnoh5z030855vpex9uzt.jpg,Data/Kvasir-SEG/images/cju1ewnoh5z030855vpex9uzt.jpg,Data/Kvasir-SEG/masks/cju1ewnoh5z030855vpex9uzt.jpg,622,529,3,33518,329038,10.1867,Medium,False
cju1expq45zst0855rjqwwj4m.jpg,Data/Kvasir-SEG/images/cju1expq45zst0855rjqwwj4m.jpg,Data/Kvasir-SEG/masks/cju1expq45zst0855rjqwwj4m.jpg,622,529,3,92859,329038,28.2214,Large,False
cju1f15k3w4ct0835cmde6ypo.jpg,Data/Kvasir-SEG/images/cju1f15k3w4ct0835cmde6ypo.jpg,Data/Kvasir-SEG/masks/cju1f15k3w4ct0835cmde6ypo.jpg,572,547,3,40949,312884,13.0876,Medium,False
cju1f320ewfyu0988ndz6blh5.jpg,Data/Kvasir-SEG/images/cju1f320ewfyu0988ndz6blh5.jpg,Data/Kvasir-SEG/masks/cju1f320ewfyu0988ndz6blh5.jpg,571,530,3,32898,302630,10.8707,Medium,False
cju1f5x1164xv08555654c24r.jpg,Data/Kvasir-SEG/images/cju1f5x1164xv08555654c24r.jpg,Data/Kvasir-SEG/masks/cju1f5x1164xv08555654c24r.jpg,622,530,3,40191,329660,12.1917,Medium,False
cju1f79yhsb5w0993txub59ol.jpg,Data/Kvasir-SEG/images/cju1f79yhsb5w0993txub59ol.jpg,Data/Kvasir-SEG/masks/cju1f79yhsb5w0993txub59ol.jpg,623,528,3,3531,328944,1.0734,Small,False
cju1f8w0t65en0799m9oacq0q.jpg,Data/Kvasir-SEG/images/cju1f8w0t65en0799m9oacq0q.jpg,Data/Kvasir-SEG/masks/cju1f8w0t65en0799m9oacq0q.jpg,622,528,3,30346,328416,9.2401,Medium,False
cju1fb9236a110801yvg0fwju.jpg,Data/Kvasir-SEG/images/cju1fb9236a110801yvg0fwju.jpg,Data/Kvasir-SEG/masks/cju1fb9236a110801yvg0fwju.jpg,626,547,3,108411,342422,31.6601,Large,False
cju1ffnjn6ctm08015perkg37.jpg,Data/Kvasir-SEG/images/cju1ffnjn6ctm08015perkg37.jpg,Data/Kvasir-SEG/masks/cju1ffnjn6ctm08015perkg37.jpg,626,547,3,71488,342422,20.8772,Large,False
cju1fj6axwfp30835ukhuzhw9.jpg,Data/Kvasir-SEG/images/cju1fj6axwfp30835ukhuzhw9.jpg,Data/Kvasir-SEG/masks/cju1fj6axwfp30835ukhuzhw9.jpg,576,547,3,76864,315072,24.3957,Large,False
cju1fjsb4sipq09931lvd8e41.jpg,Data/Kvasir-SEG/images/cju1fjsb4sipq09931lvd8e41.jpg,Data/Kvasir-SEG/masks/cju1fjsb4sipq09931lvd8e41.jpg,622,530,3,22922,329660,6.9532,Medium,False
cju1fm3id6gl50801r3fok20c.jpg,Data/Kvasir-SEG/images/cju1fm3id6gl50801r3fok20c.jpg,Data/Kvasir-SEG/masks/cju1fm3id6gl50801r3fok20c.jpg,622,531,3,8750,330282,2.6493,Small,False
cju1fmsyf6gxb0801cimx2gle.jpg,Data/Kvasir-SEG/images/cju1fmsyf6gxb0801cimx2gle.jpg,Data/Kvasir-SEG/masks/cju1fmsyf6gxb0801cimx2gle.jpg,570,531,3,24047,302670,7.945,Medium,False
cju1fr4etsmrr09933u4t4aql.jpg,Data/Kvasir-SEG/images/cju1fr4etsmrr09933u4t4aql.jpg,Data/Kvasir-SEG/masks/cju1fr4etsmrr09933u4t4aql.jpg,570,521,3,83059,296970,27.9688,Large,False
cju1ftaji6isw0855108yqcse.jpg,Data/Kvasir-SEG/images/cju1ftaji6isw0855108yqcse.jpg,Data/Kvasir-SEG/masks/cju1ftaji6isw0855108yqcse.jpg,562,502,3,41323,282124,14.6471,Medium,False
cju1fuoa4wmc50835qfd11sp9.jpg,Data/Kvasir-SEG/images/cju1fuoa4wmc50835qfd11sp9.jpg,Data/Kvasir-SEG/masks/cju1fuoa4wmc50835qfd11sp9.jpg,621,528,3,26842,327888,8.1863,Medium,False
cju1fyb1d69et0878muzdak9u.jpg,Data/Kvasir-SEG/images/cju1fyb1d69et0878muzdak9u.jpg,Data/Kvasir-SEG/masks/cju1fyb1d69et0878muzdak9u.jpg,622,528,3,32460,328416,9.8838,Medium,False
cju1g20bdwq6u0835e16xugcd.jpg,Data/Kvasir-SEG/images/cju1g20bdwq6u0835e16xugcd.jpg,Data/Kvasir-SEG/masks/cju1g20bdwq6u0835e16xugcd.jpg,622,531,3,64375,330282,19.4909,Medium,False
cju1g4nsb6ngy0799l4ezm8ab.jpg,Data/Kvasir-SEG/images/cju1g4nsb6ngy0799l4ezm8ab.jpg,Data/Kvasir-SEG/masks/cju1g4nsb6ngy0799l4ezm8ab.jpg,568,529,3,31088,300472,10.3464,Medium,False
cju1gghyjwxt80835vx0wgxw0.jpg,Data/Kvasir-SEG/images/cju1gghyjwxt80835vx0wgxw0.jpg,Data/Kvasir-SEG/masks/cju1gghyjwxt80835vx0wgxw0.jpg,621,529,3,68882,328509,20.9681,Large,False
cju1gi7jlwyld0835cdf6g6qz.jpg,Data/Kvasir-SEG/images/cju1gi7jlwyld0835cdf6g6qz.jpg,Data/Kvasir-SEG/masks/cju1gi7jlwyld0835cdf6g6qz.jpg,611,529,3,15256,323219,4.72,Small,False
cju1gkndf6yi10801o1qnje19.jpg,Data/Kvasir-SEG/images/cju1gkndf6yi10801o1qnje19.jpg,Data/Kvasir-SEG/masks/cju1gkndf6yi10801o1qnje19.jpg,623,528,3,34787,328944,10.5754,Medium,False
cju1gv7106qd008784gk603mg.jpg,Data/Kvasir-SEG/images/cju1gv7106qd008784gk603mg.jpg,Data/Kvasir-SEG/masks/cju1gv7106qd008784gk603mg.jpg,622,531,3,49434,330282,14.9672,Medium,False
cju1h5w4wxajx0835mc954kxy.jpg,Data/Kvasir-SEG/images/cju1h5w4wxajx0835mc954kxy.jpg,Data/Kvasir-SEG/masks/cju1h5w4wxajx0835mc954kxy.jpg,622,528,3,27778,328416,8.4582,Medium,False
cju1h89h6xbnx08352k2790o9.jpg,Data/Kvasir-SEG/images/cju1h89h6xbnx08352k2790o9.jpg,Data/Kvasir-SEG/masks/cju1h89h6xbnx08352k2790o9.jpg,570,531,3,25412,302670,8.3959,Medium,False
cju1haab178i70799tk9z8y8x.jpg,Data/Kvasir-SEG/images/cju1haab178i70799tk9z8y8x.jpg,Data/Kvasir-SEG/masks/cju1haab178i70799tk9z8y8x.jpg,525,531,3,28913,278775,10.3714,Medium,False
cju1hhj6mxfp90835n3wofrap.jpg,Data/Kvasir-SEG/images/cju1hhj6mxfp90835n3wofrap.jpg,Data/Kvasir-SEG/masks/cju1hhj6mxfp90835n3wofrap.jpg,622,530,3,11758,329660,3.5667,Small,False
cju1hirfi7ekp0855q0vgm9qq.jpg,Data/Kvasir-SEG/images/cju1hirfi7ekp0855q0vgm9qq.jpg,Data/Kvasir-SEG/masks/cju1hirfi7ekp0855q0vgm9qq.jpg,605,529,3,14945,320045,4.6697,Small,False
cju1hmff8tkp809931jps6fbr.jpg,Data/Kvasir-SEG/images/cju1hmff8tkp809931jps6fbr.jpg,Data/Kvasir-SEG/masks/cju1hmff8tkp809931jps6fbr.jpg,587,530,3,121530,311110,39.0634,Large,False
cju1hp9i2xu8e0988u2dazk7m.jpg,Data/Kvasir-SEG/images/cju1hp9i2xu8e0988u2dazk7m.jpg,Data/Kvasir-SEG/masks/cju1hp9i2xu8e0988u2dazk7m.jpg,490,531,3,33393,260190,12.8341,Medium,False
cju1hs0za7jha0855vj0mdrjt.jpg,Data/Kvasir-SEG/images/cju1hs0za7jha0855vj0mdrjt.jpg,Data/Kvasir-SEG/masks/cju1hs0za7jha0855vj0mdrjt.jpg,571,531,3,52980,303201,17.4736,Medium,False
cju1hyolc7aqu0878rrkfn1lr.jpg,Data/Kvasir-SEG/images/cju1hyolc7aqu0878rrkfn1lr.jpg,Data/Kvasir-SEG/masks/cju1hyolc7aqu0878rrkfn1lr.jpg,1348,1070,3,110289,1442360,7.6464,Medium,False
cju2hdr06v2bq0799mbm3bks1.jpg,Data/Kvasir-SEG/images/cju2hdr06v2bq0799mbm3bks1.jpg,Data/Kvasir-SEG/masks/cju2hdr06v2bq0799mbm3bks1.jpg,621,530,3,77584,329130,23.5724,Large,False
cju2hewssldzx0835ep795xu0.jpg,Data/Kvasir-SEG/images/cju2hewssldzx0835ep795xu0.jpg,Data/Kvasir-SEG/masks/cju2hewssldzx0835ep795xu0.jpg,576,530,3,12928,305280,4.2348,Small,False
cju2hfqnmhisa0993gpleeldd.jpg,Data/Kvasir-SEG/images/cju2hfqnmhisa0993gpleeldd.jpg,Data/Kvasir-SEG/masks/cju2hfqnmhisa0993gpleeldd.jpg,621,530,3,6194,329130,1.8819,Small,False
cju2hgsptlfam0835o3b59h1o.jpg,Data/Kvasir-SEG/images/cju2hgsptlfam0835o3b59h1o.jpg,Data/Kvasir-SEG/masks/cju2hgsptlfam0835o3b59h1o.jpg,530,528,3,6908,279840,2.4686,Small,False
cju2hjrqcvi2j0801bx1i6gxg.jpg,Data/Kvasir-SEG/images/cju2hjrqcvi2j0801bx1i6gxg.jpg,Data/Kvasir-SEG/masks/cju2hjrqcvi2j0801bx1i6gxg.jpg,599,531,3,4926,318069,1.5487,Small,False
cju2hlm19vjjf0801o69qnber.jpg,Data/Kvasir-SEG/images/cju2hlm19vjjf0801o69qnber.jpg,Data/Kvasir-SEG/masks/cju2hlm19vjjf0801o69qnber.jpg,570,530,3,44819,302100,14.8358,Medium,False
cju2hos57llxm08359g92p6jj.jpg,Data/Kvasir-SEG/images/cju2hos57llxm08359g92p6jj.jpg,Data/Kvasir-SEG/masks/cju2hos57llxm08359g92p6jj.jpg,622,529,3,44285,329038,13.4589,Medium,False
cju2hqt33lmra0988fr5ijv8j.jpg,Data/Kvasir-SEG/images/cju2hqt33lmra0988fr5ijv8j.jpg,Data/Kvasir-SEG/masks/cju2hqt33lmra0988fr5ijv8j.jpg,602,528,3,47583,317856,14.97,Medium,False
cju2htabevq9108015qjei0x7.jpg,Data/Kvasir-SEG/images/cju2htabevq9108015qjei0x7.jpg,Data/Kvasir-SEG/masks/cju2htabevq9108015qjei0x7.jpg,332,487,3,73908,161684,45.7114,Large,False
cju2hugv9vget0799hhk7ksvg.jpg,Data/Kvasir-SEG/images/cju2hugv9vget0799hhk7ksvg.jpg,Data/Kvasir-SEG/masks/cju2hugv9vget0799hhk7ksvg.jpg,613,529,3,5195,324277,1.602,Small,False
cju2hw5gjlr5h0988so2qqres.jpg,Data/Kvasir-SEG/images/cju2hw5gjlr5h0988so2qqres.jpg,Data/Kvasir-SEG/masks/cju2hw5gjlr5h0988so2qqres.jpg,621,530,3,64335,329130,19.547,Medium,False
cju2hx006vidl0799igm81vmh.jpg,Data/Kvasir-SEG/images/cju2hx006vidl0799igm81vmh.jpg,Data/Kvasir-SEG/masks/cju2hx006vidl0799igm81vmh.jpg,622,528,3,8361,328416,2.5459,Small,False
cju2i03ptvkiu0799xbbd4det.jpg,Data/Kvasir-SEG/images/cju2i03ptvkiu0799xbbd4det.jpg,Data/Kvasir-SEG/masks/cju2i03ptvkiu0799xbbd4det.jpg,600,528,3,25626,316800,8.089,Medium,False
cju2i3hzclw3o0988rrgh911i.jpg,Data/Kvasir-SEG/images/cju2i3hzclw3o0988rrgh911i.jpg,Data/Kvasir-SEG/masks/cju2i3hzclw3o0988rrgh911i.jpg,598,531,3,98757,317538,31.1008,Large,False
cju2i6acqvo6l0799u20fift8.jpg,Data/Kvasir-SEG/images/cju2i6acqvo6l0799u20fift8.jpg,Data/Kvasir-SEG/masks/cju2i6acqvo6l0799u20fift8.jpg,623,546,3,47085,340158,13.8421,Medium,False
cju2i8br1vqtd08784u6vmcjk.jpg,Data/Kvasir-SEG/images/cju2i8br1vqtd08784u6vmcjk.jpg,Data/Kvasir-SEG/masks/cju2i8br1vqtd08784u6vmcjk.jpg,622,531,3,61465,330282,18.6099,Medium,False
cju2iatlki5u309930zmgkv6h.jpg,Data/Kvasir-SEG/images/cju2iatlki5u309930zmgkv6h.jpg,Data/Kvasir-SEG/masks/cju2iatlki5u309930zmgkv6h.jpg,621,522,3,77866,324162,24.0207,Large,False
cju2igw4gvxds0878808qj398.jpg,Data/Kvasir-SEG/images/cju2igw4gvxds0878808qj398.jpg,Data/Kvasir-SEG/masks/cju2igw4gvxds0878808qj398.jpg,626,546,3,149969,341796,43.8768,Large,False
cju2ij9uiic2l09933ljiv6gm.jpg,Data/Kvasir-SEG/images/cju2ij9uiic2l09933ljiv6gm.jpg,Data/Kvasir-SEG/masks/cju2ij9uiic2l09933ljiv6gm.jpg,617,530,3,11910,327010,3.6421,Small,False
cju2lberzkdzm09938cl40pog.jpg,Data/Kvasir-SEG/images/cju2lberzkdzm09938cl40pog.jpg,Data/Kvasir-SEG/masks/cju2lberzkdzm09938cl40pog.jpg,605,528,3,67174,319440,21.0287,Large,False
cju2lcyfgkf5809932fn9gucn.jpg,Data/Kvasir-SEG/images/cju2lcyfgkf5809932fn9gucn.jpg,Data/Kvasir-SEG/masks/cju2lcyfgkf5809932fn9gucn.jpg,571,530,3,19262,302630,6.3649,Medium,False
cju2lejzcy4pc0878c9rlonot.jpg,Data/Kvasir-SEG/images/cju2lejzcy4pc0878c9rlonot.jpg,Data/Kvasir-SEG/masks/cju2lejzcy4pc0878c9rlonot.jpg,571,530,3,65855,302630,21.7609,Large,False
cju2lyynuymli0855g7fxgbhe.jpg,Data/Kvasir-SEG/images/cju2lyynuymli0855g7fxgbhe.jpg,Data/Kvasir-SEG/masks/cju2lyynuymli0855g7fxgbhe.jpg,612,519,3,14432,317628,4.5437,Small,False
cju2lz8vqktne0993fuym6drw.jpg,Data/Kvasir-SEG/images/cju2lz8vqktne0993fuym6drw.jpg,Data/Kvasir-SEG/masks/cju2lz8vqktne0993fuym6drw.jpg,613,531,3,19321,325503,5.9357,Medium,False
cju2m56cryvqd0801gtn2yp8t.jpg,Data/Kvasir-SEG/images/cju2m56cryvqd0801gtn2yp8t.jpg,Data/Kvasir-SEG/masks/cju2m56cryvqd0801gtn2yp8t.jpg,616,546,3,13415,336336,3.9886,Small,False
cju2m71z2ywwv080131bcrsd3.jpg,Data/Kvasir-SEG/images/cju2m71z2ywwv080131bcrsd3.jpg,Data/Kvasir-SEG/masks/cju2m71z2ywwv080131bcrsd3.jpg,570,531,3,26948,302670,8.9034,Medium,False
cju2ma647l0nj0993ot4deq2q.jpg,Data/Kvasir-SEG/images/cju2ma647l0nj0993ot4deq2q.jpg,Data/Kvasir-SEG/masks/cju2ma647l0nj0993ot4deq2q.jpg,621,547,3,43549,339687,12.8203,Medium,False
cju2mfjndoz700988b9lc3zeq.jpg,Data/Kvasir-SEG/images/cju2mfjndoz700988b9lc3zeq.jpg,Data/Kvasir-SEG/masks/cju2mfjndoz700988b9lc3zeq.jpg,622,531,3,31580,330282,9.5615,Medium,False
cju2mh8t6p07008350e01tx2a.jpg,Data/Kvasir-SEG/images/cju2mh8t6p07008350e01tx2a.jpg,Data/Kvasir-SEG/masks/cju2mh8t6p07008350e01tx2a.jpg,588,528,3,19327,310464,6.2252,Medium,False
cju2nbdpmlmcj0993s1cht0dz.jpg,Data/Kvasir-SEG/images/cju2nbdpmlmcj0993s1cht0dz.jpg,Data/Kvasir-SEG/masks/cju2nbdpmlmcj0993s1cht0dz.jpg,584,530,3,78606,309520,25.3961,Large,False
cju2nd7l7z98o0799gfjvyfmw.jpg,Data/Kvasir-SEG/images/cju2nd7l7z98o0799gfjvyfmw.jpg,Data/Kvasir-SEG/masks/cju2nd7l7z98o0799gfjvyfmw.jpg,1348,1070,3,267577,1442360,18.5513,Medium,False
cju2nfnvxzdkd0878399axlco.jpg,Data/Kvasir-SEG/images/cju2nfnvxzdkd0878399axlco.jpg,Data/Kvasir-SEG/masks/cju2nfnvxzdkd0878399axlco.jpg,598,546,3,39569,326508,12.1188,Medium,False
cju2nguelpmlj0835rojdn097.jpg,Data/Kvasir-SEG/images/cju2nguelpmlj0835rojdn097.jpg,Data/Kvasir-SEG/masks/cju2nguelpmlj0835rojdn097.jpg,591,529,3,51907,312639,16.6029,Medium,False
cju2nnqrqzp580855z8mhzgd6.jpg,Data/Kvasir-SEG/images/cju2nnqrqzp580855z8mhzgd6.jpg,Data/Kvasir-SEG/masks/cju2nnqrqzp580855z8mhzgd6.jpg,569,518,3,170203,294742,57.7464,Large,False
cju2np2k9zi3v079992ypxqkn.jpg,Data/Kvasir-SEG/images/cju2np2k9zi3v079992ypxqkn.jpg,Data/Kvasir-SEG/masks/cju2np2k9zi3v079992ypxqkn.jpg,603,531,3,32192,320193,10.0539,Medium,False
cju2nqapmzvk20801f9us40dx.jpg,Data/Kvasir-SEG/images/cju2nqapmzvk20801f9us40dx.jpg,Data/Kvasir-SEG/masks/cju2nqapmzvk20801f9us40dx.jpg,626,547,3,45352,342422,13.2445,Medium,False
cju2nsmwjlzyl0993jl80chvz.jpg,Data/Kvasir-SEG/images/cju2nsmwjlzyl0993jl80chvz.jpg,Data/Kvasir-SEG/masks/cju2nsmwjlzyl0993jl80chvz.jpg,625,547,3,16407,341875,4.7991,Small,False
cju2ntxtdzlvu0799xl3j9pan.jpg,Data/Kvasir-SEG/images/cju2ntxtdzlvu0799xl3j9pan.jpg,Data/Kvasir-SEG/masks/cju2ntxtdzlvu0799xl3j9pan.jpg,626,547,3,9215,342422,2.6911,Small,False
cju2nyc5f02m40801ojqbtiea.jpg,Data/Kvasir-SEG/images/cju2nyc5f02m40801ojqbtiea.jpg,Data/Kvasir-SEG/masks/cju2nyc5f02m40801ojqbtiea.jpg,622,531,3,32125,330282,9.7265,Medium,False
cju2oi8sq0i2y0801mektzvw8.jpg,Data/Kvasir-SEG/images/cju2oi8sq0i2y0801mektzvw8.jpg,Data/Kvasir-SEG/masks/cju2oi8sq0i2y0801mektzvw8.jpg,1348,1070,3,1101059,1442360,76.3373,Large,False
cju2okvco06xc0799kxe5n1qh.jpg,Data/Kvasir-SEG/images/cju2okvco06xc0799kxe5n1qh.jpg,Data/Kvasir-SEG/masks/cju2okvco06xc0799kxe5n1qh.jpg,577,530,3,101431,305810,33.168,Large,False
cju2omjpeqj5a0988pjdlb8l1.jpg,Data/Kvasir-SEG/images/cju2omjpeqj5a0988pjdlb8l1.jpg,Data/Kvasir-SEG/masks/cju2omjpeqj5a0988pjdlb8l1.jpg,566,530,3,78592,299980,26.1991,Large,False
cju2oo0wh0bqy0878biujeyhe.jpg,Data/Kvasir-SEG/images/cju2oo0wh0bqy0878biujeyhe.jpg,Data/Kvasir-SEG/masks/cju2oo0wh0bqy0878biujeyhe.jpg,621,530,3,27091,329130,8.2311,Medium,False
cju2oq5570avm079959o20op1.jpg,Data/Kvasir-SEG/images/cju2oq5570avm079959o20op1.jpg,Data/Kvasir-SEG/masks/cju2oq5570avm079959o20op1.jpg,626,547,3,67982,342422,19.8533,Medium,False
cju2osuru0ki00855txo0n3uu.jpg,Data/Kvasir-SEG/images/cju2osuru0ki00855txo0n3uu.jpg,Data/Kvasir-SEG/masks/cju2osuru0ki00855txo0n3uu.jpg,594,528,3,55169,313632,17.5904,Medium,False
cju2otvvv0l7z0855x7we8cb0.jpg,Data/Kvasir-SEG/images/cju2otvvv0l7z0855x7we8cb0.jpg,Data/Kvasir-SEG/masks/cju2otvvv0l7z0855x7we8cb0.jpg,571,531,3,22156,303201,7.3074,Medium,False
cju2ouil2mssu0993hvxsed6d.jpg,Data/Kvasir-SEG/images/cju2ouil2mssu0993hvxsed6d.jpg,Data/Kvasir-SEG/masks/cju2ouil2mssu0993hvxsed6d.jpg,605,511,3,9344,309155,3.0224,Small,False
cju2p0eveqtdc0835gpi3p93i.jpg,Data/Kvasir-SEG/images/cju2p0eveqtdc0835gpi3p93i.jpg,Data/Kvasir-SEG/masks/cju2p0eveqtdc0835gpi3p93i.jpg,622,528,3,36265,328416,11.0424,Medium,False
cju2p4ddkmzxj0993p94o62av.jpg,Data/Kvasir-SEG/images/cju2p4ddkmzxj0993p94o62av.jpg,Data/Kvasir-SEG/masks/cju2p4ddkmzxj0993p94o62av.jpg,592,529,3,26526,313168,8.4702,Medium,False
cju2p91qir00k08350ddfif0w.jpg,Data/Kvasir-SEG/images/cju2p91qir00k08350ddfif0w.jpg,Data/Kvasir-SEG/masks/cju2p91qir00k08350ddfif0w.jpg,1348,1070,3,73464,1442360,5.0933,Medium,False
cju2pag1f0s4r0878h52uq83s.jpg,Data/Kvasir-SEG/images/cju2pag1f0s4r0878h52uq83s.jpg,Data/Kvasir-SEG/masks/cju2pag1f0s4r0878h52uq83s.jpg,570,530,3,16269,302100,5.3853,Medium,False
cju2phaksnahz0993yxogjcpv.jpg,Data/Kvasir-SEG/images/cju2phaksnahz0993yxogjcpv.jpg,Data/Kvasir-SEG/masks/cju2phaksnahz0993yxogjcpv.jpg,622,528,3,15664,328416,4.7696,Small,False
cju2pjb9v0ywn0878j5g5n69j.jpg,Data/Kvasir-SEG/images/cju2pjb9v0ywn0878j5g5n69j.jpg,Data/Kvasir-SEG/masks/cju2pjb9v0ywn0878j5g5n69j.jpg,622,529,3,29482,329038,8.9601,Medium,False
cju2pkwt3r8b90988v2ywq1px.jpg,Data/Kvasir-SEG/images/cju2pkwt3r8b90988v2ywq1px.jpg,Data/Kvasir-SEG/masks/cju2pkwt3r8b90988v2ywq1px.jpg,622,530,3,21426,329660,6.4994,Medium,False
cju2pmhtr17a00855cvpelzb0.jpg,Data/Kvasir-SEG/images/cju2pmhtr17a00855cvpelzb0.jpg,Data/Kvasir-SEG/masks/cju2pmhtr17a00855cvpelzb0.jpg,622,530,3,33515,329660,10.1665,Medium,False
cju2qdj95ru8g09886gfi9rsz.jpg,Data/Kvasir-SEG/images/cju2qdj95ru8g09886gfi9rsz.jpg,Data/Kvasir-SEG/masks/cju2qdj95ru8g09886gfi9rsz.jpg,571,531,3,129801,303201,42.8102,Large,False
cju2qfie4rvz508357kad9z5o.jpg,Data/Kvasir-SEG/images/cju2qfie4rvz508357kad9z5o.jpg,Data/Kvasir-SEG/masks/cju2qfie4rvz508357kad9z5o.jpg,622,529,3,33922,329038,10.3094,Medium,False
cju2qh5le1ock0878oahaql7d.jpg,Data/Kvasir-SEG/images/cju2qh5le1ock0878oahaql7d.jpg,Data/Kvasir-SEG/masks/cju2qh5le1ock0878oahaql7d.jpg,622,530,3,46724,329660,14.1734,Medium,False
cju2qn2fzs1vy0988l243cvzy.jpg,Data/Kvasir-SEG/images/cju2qn2fzs1vy0988l243cvzy.jpg,Data/Kvasir-SEG/masks/cju2qn2fzs1vy0988l243cvzy.jpg,597,547,3,67603,326559,20.7016,Large,False
cju2qozsk20cq0855ugrg3cri.jpg,Data/Kvasir-SEG/images/cju2qozsk20cq0855ugrg3cri.jpg,Data/Kvasir-SEG/masks/cju2qozsk20cq0855ugrg3cri.jpg,626,546,3,35953,341796,10.5188,Medium,False
cju2qqn5ys4uo0988ewrt2ip2.jpg,Data/Kvasir-SEG/images/cju2qqn5ys4uo0988ewrt2ip2.jpg,Data/Kvasir-SEG/masks/cju2qqn5ys4uo0988ewrt2ip2.jpg,626,546,3,175567,341796,51.366,Large,False
cju2qs32r1vys07999conmbvx.jpg,Data/Kvasir-SEG/images/cju2qs32r1vys07999conmbvx.jpg,Data/Kvasir-SEG/masks/cju2qs32r1vys07999conmbvx.jpg,622,528,3,5374,328416,1.6363,Small,False
cju2qtee81yd708787bsjr75d.jpg,Data/Kvasir-SEG/images/cju2qtee81yd708787bsjr75d.jpg,Data/Kvasir-SEG/masks/cju2qtee81yd708787bsjr75d.jpg,511,530,3,30091,270830,11.1107,Medium,False
cju2qu37qobl50993aw7ghcfq.jpg,Data/Kvasir-SEG/images/cju2qu37qobl50993aw7ghcfq.jpg,Data/Kvasir-SEG/masks/cju2qu37qobl50993aw7ghcfq.jpg,543,528,3,13137,286704,4.5821,Small,False
cju2qvuj1s9ok0835tp2k4ozh.jpg,Data/Kvasir-SEG/images/cju2qvuj1s9ok0835tp2k4ozh.jpg,Data/Kvasir-SEG/masks/cju2qvuj1s9ok0835tp2k4ozh.jpg,605,531,3,99752,321255,31.0507,Large,False
cju2qxxko229x08786gvxxhur.jpg,Data/Kvasir-SEG/images/cju2qxxko229x08786gvxxhur.jpg,Data/Kvasir-SEG/masks/cju2qxxko229x08786gvxxhur.jpg,484,530,3,92516,256520,36.0658,Large,False
cju2qz06823a40878ojcz9ccx.jpg,Data/Kvasir-SEG/images/cju2qz06823a40878ojcz9ccx.jpg,Data/Kvasir-SEG/masks/cju2qz06823a40878ojcz9ccx.jpg,603,530,3,34337,319590,10.7441,Medium,False
cju2r11x7sdgx0988o8ule0wl.jpg,Data/Kvasir-SEG/images/cju2r11x7sdgx0988o8ule0wl.jpg,Data/Kvasir-SEG/masks/cju2r11x7sdgx0988o8ule0wl.jpg,622,528,3,45594,328416,13.883,Medium,False
cju2r2obh2bjm08553kng0rh7.jpg,Data/Kvasir-SEG/images/cju2r2obh2bjm08553kng0rh7.jpg,Data/Kvasir-SEG/masks/cju2r2obh2bjm08553kng0rh7.jpg,474,458,3,43992,217092,20.2642,Large,False
cju2r6mt2om21099352pny5gw.jpg,Data/Kvasir-SEG/images/cju2r6mt2om21099352pny5gw.jpg,Data/Kvasir-SEG/masks/cju2r6mt2om21099352pny5gw.jpg,608,528,3,97889,321024,30.4927,Large,False
cju2r7h21sj9608354gzks3ae.jpg,Data/Kvasir-SEG/images/cju2r7h21sj9608354gzks3ae.jpg,Data/Kvasir-SEG/masks/cju2r7h21sj9608354gzks3ae.jpg,614,530,3,10789,325420,3.3154,Small,False
cju2r91dg2k090801bh0xzbxk.jpg,Data/Kvasir-SEG/images/cju2r91dg2k090801bh0xzbxk.jpg,Data/Kvasir-SEG/masks/cju2r91dg2k090801bh0xzbxk.jpg,1348,1070,3,67626,1442360,4.6886,Small,False
cju2raxlosl630988jdbfy9b0.jpg,Data/Kvasir-SEG/images/cju2raxlosl630988jdbfy9b0.jpg,Data/Kvasir-SEG/masks/cju2raxlosl630988jdbfy9b0.jpg,557,528,3,96655,294096,32.8651,Large,False
cju2rga4psq9n09881z519xx0.jpg,Data/Kvasir-SEG/images/cju2rga4psq9n09881z519xx0.jpg,Data/Kvasir-SEG/masks/cju2rga4psq9n09881z519xx0.jpg,622,529,3,18014,329038,5.4747,Medium,False
cju2ricdv2iys0878sv1adh0u.jpg,Data/Kvasir-SEG/images/cju2ricdv2iys0878sv1adh0u.jpg,Data/Kvasir-SEG/masks/cju2ricdv2iys0878sv1adh0u.jpg,616,530,3,243211,326480,74.4949,Large,False
cju2rkjfwoxys0993x768l1j2.jpg,Data/Kvasir-SEG/images/cju2rkjfwoxys0993x768l1j2.jpg,Data/Kvasir-SEG/masks/cju2rkjfwoxys0993x768l1j2.jpg,597,401,3,66409,239397,27.7401,Large,False
cju2rlqdnoz9k0993cpjae3x0.jpg,Data/Kvasir-SEG/images/cju2rlqdnoz9k0993cpjae3x0.jpg,Data/Kvasir-SEG/masks/cju2rlqdnoz9k0993cpjae3x0.jpg,592,531,3,54918,314352,17.4702,Medium,False
cju2rmd2rsw9g09888hh1efu0.jpg,Data/Kvasir-SEG/images/cju2rmd2rsw9g09888hh1efu0.jpg,Data/Kvasir-SEG/masks/cju2rmd2rsw9g09888hh1efu0.jpg,570,531,3,2092,302670,0.6912,Small,False
cju2rn0hasxri0835nfy3buay.jpg,Data/Kvasir-SEG/images/cju2rn0hasxri0835nfy3buay.jpg,Data/Kvasir-SEG/masks/cju2rn0hasxri0835nfy3buay.jpg,622,531,3,11000,330282,3.3305,Small,False
cju2rnkt22xep0801as160g9t.jpg,Data/Kvasir-SEG/images/cju2rnkt22xep0801as160g9t.jpg,Data/Kvasir-SEG/masks/cju2rnkt22xep0801as160g9t.jpg,558,454,3,7813,253332,3.0841,Small,False
cju2ro5jqsy680988pi6qsujw.jpg,Data/Kvasir-SEG/images/cju2ro5jqsy680988pi6qsujw.jpg,Data/Kvasir-SEG/masks/cju2ro5jqsy680988pi6qsujw.jpg,622,531,3,71515,330282,21.6527,Large,False
cju2rpa30t07b0835im0erql0.jpg,Data/Kvasir-SEG/images/cju2rpa30t07b0835im0erql0.jpg,Data/Kvasir-SEG/masks/cju2rpa30t07b0835im0erql0.jpg,621,529,3,32930,328509,10.0241,Medium,False
cju2rqo702wpx0855fn7d5cxh.jpg,Data/Kvasir-SEG/images/cju2rqo702wpx0855fn7d5cxh.jpg,Data/Kvasir-SEG/masks/cju2rqo702wpx0855fn7d5cxh.jpg,621,529,3,9553,328509,2.908,Small,False
cju2rxm8rpbaf0993o3qr2oph.jpg,Data/Kvasir-SEG/images/cju2rxm8rpbaf0993o3qr2oph.jpg,Data/Kvasir-SEG/masks/cju2rxm8rpbaf0993o3qr2oph.jpg,571,531,3,13468,303201,4.4419,Small,False
cju2rz4k434s70855wwx3ddtx.jpg,Data/Kvasir-SEG/images/cju2rz4k434s70855wwx3ddtx.jpg,Data/Kvasir-SEG/masks/cju2rz4k434s70855wwx3ddtx.jpg,612,530,3,49106,324360,15.1394,Medium,False
cju2rzpsmtb0f0835jabkbao1.jpg,Data/Kvasir-SEG/images/cju2rzpsmtb0f0835jabkbao1.jpg,Data/Kvasir-SEG/masks/cju2rzpsmtb0f0835jabkbao1.jpg,528,528,3,8480,278784,3.0418,Small,False
cju2s16zp317h0799gr67jqc2.jpg,Data/Kvasir-SEG/images/cju2s16zp317h0799gr67jqc2.jpg,Data/Kvasir-SEG/masks/cju2s16zp317h0799gr67jqc2.jpg,622,531,3,94088,330282,28.4872,Large,False
cju2s2527pfyr0993l3h1149a.jpg,Data/Kvasir-SEG/images/cju2s2527pfyr0993l3h1149a.jpg,Data/Kvasir-SEG/masks/cju2s2527pfyr0993l3h1149a.jpg,622,529,3,9210,329038,2.7991,Small,False
cju2s9g11pnra0993gn4eh793.jpg,Data/Kvasir-SEG/images/cju2s9g11pnra0993gn4eh793.jpg,Data/Kvasir-SEG/masks/cju2s9g11pnra0993gn4eh793.jpg,622,530,3,156192,329660,47.3797,Large,False
cju2saez63gxl08559ucjq3kt.jpg,Data/Kvasir-SEG/images/cju2saez63gxl08559ucjq3kt.jpg,Data/Kvasir-SEG/masks/cju2saez63gxl08559ucjq3kt.jpg,557,530,3,39236,295210,13.2909,Medium,False
cju2sevf53lkx08558h5bpaig.jpg,Data/Kvasir-SEG/images/cju2sevf53lkx08558h5bpaig.jpg,Data/Kvasir-SEG/masks/cju2sevf53lkx08558h5bpaig.jpg,626,547,3,80210,342422,23.4243,Large,False
cju2sggy13na70855tbeoqgha.jpg,Data/Kvasir-SEG/images/cju2sggy13na70855tbeoqgha.jpg,Data/Kvasir-SEG/masks/cju2sggy13na70855tbeoqgha.jpg,559,530,3,74940,296270,25.2945,Large,False
cju2spdagu1l50835da1f46fr.jpg,Data/Kvasir-SEG/images/cju2spdagu1l50835da1f46fr.jpg,Data/Kvasir-SEG/masks/cju2spdagu1l50835da1f46fr.jpg,465,525,3,10555,244125,4.3236,Small,False
cju2srvy5440s0801y1ba9akr.jpg,Data/Kvasir-SEG/images/cju2srvy5440s0801y1ba9akr.jpg,Data/Kvasir-SEG/masks/cju2srvy5440s0801y1ba9akr.jpg,622,528,3,104278,328416,31.7518,Large,False
cju2sszfq3uye0878sucelzk2.jpg,Data/Kvasir-SEG/images/cju2sszfq3uye0878sucelzk2.jpg,Data/Kvasir-SEG/masks/cju2sszfq3uye0878sucelzk2.jpg,622,531,3,203729,330282,61.6833,Large,False
cju2suk42469908015ngmq6f2.jpg,Data/Kvasir-SEG/images/cju2suk42469908015ngmq6f2.jpg,Data/Kvasir-SEG/masks/cju2suk42469908015ngmq6f2.jpg,609,528,3,30310,321552,9.4262,Medium,False
cju2sxf3iqbpv09937iksn8ep.jpg,Data/Kvasir-SEG/images/cju2sxf3iqbpv09937iksn8ep.jpg,Data/Kvasir-SEG/masks/cju2sxf3iqbpv09937iksn8ep.jpg,622,529,3,57668,329038,17.5262,Medium,False
cju2syxa93yw40799x2iuwabz.jpg,Data/Kvasir-SEG/images/cju2syxa93yw40799x2iuwabz.jpg,Data/Kvasir-SEG/masks/cju2syxa93yw40799x2iuwabz.jpg,602,474,3,6105,285348,2.1395,Small,False
cju2t16vuucaq0835xcpsivn2.jpg,Data/Kvasir-SEG/images/cju2t16vuucaq0835xcpsivn2.jpg,Data/Kvasir-SEG/masks/cju2t16vuucaq0835xcpsivn2.jpg,622,531,3,21928,330282,6.6392,Medium,False
cju2t2ivz43i10878zeg8r1br.jpg,Data/Kvasir-SEG/images/cju2t2ivz43i10878zeg8r1br.jpg,Data/Kvasir-SEG/masks/cju2t2ivz43i10878zeg8r1br.jpg,607,528,3,11444,320496,3.5707,Small,False
cju2t3ibkuecr0835o7si16zv.jpg,Data/Kvasir-SEG/images/cju2t3ibkuecr0835o7si16zv.jpg,Data/Kvasir-SEG/masks/cju2t3ibkuecr0835o7si16zv.jpg,613,530,3,12410,324890,3.8198,Small,False
cju2t62nq45jl0799odpufwx6.jpg,Data/Kvasir-SEG/images/cju2t62nq45jl0799odpufwx6.jpg,Data/Kvasir-SEG/masks/cju2t62nq45jl0799odpufwx6.jpg,622,528,3,65669,328416,19.9957,Medium,False
cju2t9tdwuk700835kv0ljmtl.jpg,Data/Kvasir-SEG/images/cju2t9tdwuk700835kv0ljmtl.jpg,Data/Kvasir-SEG/masks/cju2t9tdwuk700835kv0ljmtl.jpg,605,473,3,46632,286165,16.2955,Medium,False
cju2ti1du4idn0878giuozonw.jpg,Data/Kvasir-SEG/images/cju2ti1du4idn0878giuozonw.jpg,Data/Kvasir-SEG/masks/cju2ti1du4idn0878giuozonw.jpg,571,530,3,32335,302630,10.6847,Medium,False
cju2tjrog4jy30878pawyazqc.jpg,Data/Kvasir-SEG/images/cju2tjrog4jy30878pawyazqc.jpg,Data/Kvasir-SEG/masks/cju2tjrog4jy30878pawyazqc.jpg,622,530,3,38702,329660,11.74,Medium,False
cju2top2ruxxy0988p1svx36g.jpg,Data/Kvasir-SEG/images/cju2top2ruxxy0988p1svx36g.jpg,Data/Kvasir-SEG/masks/cju2top2ruxxy0988p1svx36g.jpg,570,530,3,61300,302100,20.2913,Large,False
cju2tpfa5uyx408359datxqqj.jpg,Data/Kvasir-SEG/images/cju2tpfa5uyx408359datxqqj.jpg,Data/Kvasir-SEG/masks/cju2tpfa5uyx408359datxqqj.jpg,622,528,3,33351,328416,10.1551,Medium,False
cju2tqfgw4oat0799rn0g5b2z.jpg,Data/Kvasir-SEG/images/cju2tqfgw4oat0799rn0g5b2z.jpg,Data/Kvasir-SEG/masks/cju2tqfgw4oat0799rn0g5b2z.jpg,614,529,3,39652,324806,12.2079,Medium,False
cju2trbpkv0c00988hxla5dzz.jpg,Data/Kvasir-SEG/images/cju2trbpkv0c00988hxla5dzz.jpg,Data/Kvasir-SEG/masks/cju2trbpkv0c00988hxla5dzz.jpg,610,531,3,57567,323910,17.7725,Medium,False
cju2trtjf4qjd0878a2zle9v9.jpg,Data/Kvasir-SEG/images/cju2trtjf4qjd0878a2zle9v9.jpg,Data/Kvasir-SEG/masks/cju2trtjf4qjd0878a2zle9v9.jpg,598,528,3,9086,315744,2.8776,Small,False
cju2tvrvm53ws0801a0jfjdxg.jpg,Data/Kvasir-SEG/images/cju2tvrvm53ws0801a0jfjdxg.jpg,Data/Kvasir-SEG/masks/cju2tvrvm53ws0801a0jfjdxg.jpg,568,531,3,39947,301608,13.2447,Medium,False
cju2txjfzv60w098839dcimys.jpg,Data/Kvasir-SEG/images/cju2txjfzv60w098839dcimys.jpg,Data/Kvasir-SEG/masks/cju2txjfzv60w098839dcimys.jpg,551,430,3,20875,236930,8.8106,Medium,False
cju2tzypl4wss0799ow05oxb9.jpg,Data/Kvasir-SEG/images/cju2tzypl4wss0799ow05oxb9.jpg,Data/Kvasir-SEG/masks/cju2tzypl4wss0799ow05oxb9.jpg,622,531,3,90028,330282,27.2579,Large,False
cju2u2b9o4zvp08788qb9nqxj.jpg,Data/Kvasir-SEG/images/cju2u2b9o4zvp08788qb9nqxj.jpg,Data/Kvasir-SEG/masks/cju2u2b9o4zvp08788qb9nqxj.jpg,564,527,3,71734,297228,24.1343,Large,False
cju2u4pymvc720988wsxrmi84.jpg,Data/Kvasir-SEG/images/cju2u4pymvc720988wsxrmi84.jpg,Data/Kvasir-SEG/masks/cju2u4pymvc720988wsxrmi84.jpg,541,530,3,89358,286730,31.1645,Large,False
cju2u73dj53oz0878486k8k4b.jpg,Data/Kvasir-SEG/images/cju2u73dj53oz0878486k8k4b.jpg,Data/Kvasir-SEG/masks/cju2u73dj53oz0878486k8k4b.jpg,524,529,3,38697,277196,13.9602,Medium,False
cju2ueb6j5ado0878vf5md13o.jpg,Data/Kvasir-SEG/images/cju2ueb6j5ado0878vf5md13o.jpg,Data/Kvasir-SEG/masks/cju2ueb6j5ado0878vf5md13o.jpg,1348,1070,3,140644,1442360,9.751,Medium,False
cju2ulk385h170799rlklxob0.jpg,Data/Kvasir-SEG/images/cju2ulk385h170799rlklxob0.jpg,Data/Kvasir-SEG/masks/cju2ulk385h170799rlklxob0.jpg,596,528,3,101641,314688,32.299,Large,False
cju2uokeg5jm20799xwgsyz89.jpg,Data/Kvasir-SEG/images/cju2uokeg5jm20799xwgsyz89.jpg,Data/Kvasir-SEG/masks/cju2uokeg5jm20799xwgsyz89.jpg,570,530,3,94186,302100,31.1771,Large,False
cju2upu4evw7g08358guwozxv.jpg,Data/Kvasir-SEG/images/cju2upu4evw7g08358guwozxv.jpg,Data/Kvasir-SEG/masks/cju2upu4evw7g08358guwozxv.jpg,616,528,3,16449,325248,5.0574,Medium,False
cju2urqpwvxw70835rvndvtsi.jpg,Data/Kvasir-SEG/images/cju2urqpwvxw70835rvndvtsi.jpg,Data/Kvasir-SEG/masks/cju2urqpwvxw70835rvndvtsi.jpg,626,474,3,9321,296724,3.1413,Small,False
cju2uwz9f5yf1085506cfamfx.jpg,Data/Kvasir-SEG/images/cju2uwz9f5yf1085506cfamfx.jpg,Data/Kvasir-SEG/masks/cju2uwz9f5yf1085506cfamfx.jpg,1220,1011,3,323819,1233420,26.2537,Large,False
cju2uy8ox62jo0801g88hh42z.jpg,Data/Kvasir-SEG/images/cju2uy8ox62jo0801g88hh42z.jpg,Data/Kvasir-SEG/masks/cju2uy8ox62jo0801g88hh42z.jpg,622,528,3,21016,328416,6.3992,Medium,False
cju2uzabhs6er0993x3aaf87p.jpg,Data/Kvasir-SEG/images/cju2uzabhs6er0993x3aaf87p.jpg,Data/Kvasir-SEG/masks/cju2uzabhs6er0993x3aaf87p.jpg,612,528,3,32699,323136,10.1193,Medium,False
cju2wtwj87kys0855kx6mddzw.jpg,Data/Kvasir-SEG/images/cju2wtwj87kys0855kx6mddzw.jpg,Data/Kvasir-SEG/masks/cju2wtwj87kys0855kx6mddzw.jpg,626,547,3,140881,342422,41.1425,Large,False
cju2wve9v7esz0878mxsdcy04.jpg,Data/Kvasir-SEG/images/cju2wve9v7esz0878mxsdcy04.jpg,Data/Kvasir-SEG/masks/cju2wve9v7esz0878mxsdcy04.jpg,620,529,3,18016,327980,5.493,Medium,False
cju2wx0gh7fpz0878wwyd9ep8.jpg,Data/Kvasir-SEG/images/cju2wx0gh7fpz0878wwyd9ep8.jpg,Data/Kvasir-SEG/masks/cju2wx0gh7fpz0878wwyd9ep8.jpg,616,529,3,19242,325864,5.9049,Medium,False
cju2wxv0hxs2f09884w48v8fi.jpg,Data/Kvasir-SEG/images/cju2wxv0hxs2f09884w48v8fi.jpg,Data/Kvasir-SEG/masks/cju2wxv0hxs2f09884w48v8fi.jpg,622,529,3,5619,329038,1.7077,Small,False
cju2wzu8wxtgu09880ku9x1pg.jpg,Data/Kvasir-SEG/images/cju2wzu8wxtgu09880ku9x1pg.jpg,Data/Kvasir-SEG/masks/cju2wzu8wxtgu09880ku9x1pg.jpg,622,529,3,52373,329038,15.917,Medium,False
cju2x7vw87mu30878hye2ca0m.jpg,Data/Kvasir-SEG/images/cju2x7vw87mu30878hye2ca0m.jpg,Data/Kvasir-SEG/masks/cju2x7vw87mu30878hye2ca0m.jpg,1348,1070,3,291968,1442360,20.2424,Large,False
cju2xa3i4y0160988i679zsqd.jpg,Data/Kvasir-SEG/images/cju2xa3i4y0160988i679zsqd.jpg,Data/Kvasir-SEG/masks/cju2xa3i4y0160988i679zsqd.jpg,619,528,3,34454,326832,10.5418,Medium,False
cju2xbk0080y80801eghyddi2.jpg,Data/Kvasir-SEG/images/cju2xbk0080y80801eghyddi2.jpg,Data/Kvasir-SEG/masks/cju2xbk0080y80801eghyddi2.jpg,621,529,3,24426,328509,7.4354,Medium,False
cju2xd75m82720801q4s4ik3n.jpg,Data/Kvasir-SEG/images/cju2xd75m82720801q4s4ik3n.jpg,Data/Kvasir-SEG/masks/cju2xd75m82720801q4s4ik3n.jpg,1220,1011,3,138066,1233420,11.1938,Medium,False
cju2xf8e5y2wm08359vcgk09b.jpg,Data/Kvasir-SEG/images/cju2xf8e5y2wm08359vcgk09b.jpg,Data/Kvasir-SEG/masks/cju2xf8e5y2wm08359vcgk09b.jpg,571,530,3,106450,302630,35.175,Large,False
cju2xjz2ju8pe0993ysv9wg17.jpg,Data/Kvasir-SEG/images/cju2xjz2ju8pe0993ysv9wg17.jpg,Data/Kvasir-SEG/masks/cju2xjz2ju8pe0993ysv9wg17.jpg,593,530,3,48716,314290,15.5003,Medium,False
cju2xlcqxy9c60988vjacdznb.jpg,Data/Kvasir-SEG/images/cju2xlcqxy9c60988vjacdznb.jpg,Data/Kvasir-SEG/masks/cju2xlcqxy9c60988vjacdznb.jpg,621,529,3,61481,328509,18.7152,Medium,False
cju2xs6na81t20878pt6nkfip.jpg,Data/Kvasir-SEG/images/cju2xs6na81t20878pt6nkfip.jpg,Data/Kvasir-SEG/masks/cju2xs6na81t20878pt6nkfip.jpg,570,531,3,71271,302670,23.5474,Large,False
cju2xwm1s84l50799i60mq0pu.jpg,Data/Kvasir-SEG/images/cju2xwm1s84l50799i60mq0pu.jpg,Data/Kvasir-SEG/masks/cju2xwm1s84l50799i60mq0pu.jpg,626,547,3,15824,342422,4.6212,Small,False
cju2xyd9vyi7m098831qcucse.jpg,Data/Kvasir-SEG/images/cju2xyd9vyi7m098831qcucse.jpg,Data/Kvasir-SEG/masks/cju2xyd9vyi7m098831qcucse.jpg,622,528,3,73178,328416,22.2821,Large,False
cju2y0z6g87p10878fpk5d3rq.jpg,Data/Kvasir-SEG/images/cju2y0z6g87p10878fpk5d3rq.jpg,Data/Kvasir-SEG/masks/cju2y0z6g87p10878fpk5d3rq.jpg,554,530,3,68694,293620,23.3955,Large,False
cju2y26c588bo07993ksd8eoz.jpg,Data/Kvasir-SEG/images/cju2y26c588bo07993ksd8eoz.jpg,Data/Kvasir-SEG/masks/cju2y26c588bo07993ksd8eoz.jpg,621,530,3,24203,329130,7.3536,Medium,False
cju2y40d8ulqo0993q0adtgtb.jpg,Data/Kvasir-SEG/images/cju2y40d8ulqo0993q0adtgtb.jpg,Data/Kvasir-SEG/masks/cju2y40d8ulqo0993q0adtgtb.jpg,617,529,3,43504,326393,13.3287,Medium,False
cju2y5zas8m7f0801d34g5owq.jpg,Data/Kvasir-SEG/images/cju2y5zas8m7f0801d34g5owq.jpg,Data/Kvasir-SEG/masks/cju2y5zas8m7f0801d34g5owq.jpg,586,479,3,76227,280694,27.1566,Large,False
cju2y8s56ymqr083541ggdsml.jpg,Data/Kvasir-SEG/images/cju2y8s56ymqr083541ggdsml.jpg,Data/Kvasir-SEG/masks/cju2y8s56ymqr083541ggdsml.jpg,615,530,3,30253,325950,9.2815,Medium,False
cju2yb31a8e8u0878wdashg7o.jpg,Data/Kvasir-SEG/images/cju2yb31a8e8u0878wdashg7o.jpg,Data/Kvasir-SEG/masks/cju2yb31a8e8u0878wdashg7o.jpg,621,531,3,56710,329751,17.1978,Medium,False
cju2ycp1u8g2r0799jslnp7cz.jpg,Data/Kvasir-SEG/images/cju2ycp1u8g2r0799jslnp7cz.jpg,Data/Kvasir-SEG/masks/cju2ycp1u8g2r0799jslnp7cz.jpg,617,531,3,33409,327627,10.1973,Medium,False
cju2yg5ht8i4p087800js8hp4.jpg,Data/Kvasir-SEG/images/cju2yg5ht8i4p087800js8hp4.jpg,Data/Kvasir-SEG/masks/cju2yg5ht8i4p087800js8hp4.jpg,626,546,3,59278,341796,17.3431,Medium,False
cju2yi9tz8vky0801yqip0xyl.jpg,Data/Kvasir-SEG/images/cju2yi9tz8vky0801yqip0xyl.jpg,Data/Kvasir-SEG/masks/cju2yi9tz8vky0801yqip0xyl.jpg,616,528,3,85142,325248,26.1776,Large,False
cju2yljr0yzhw0988ecf271ly.jpg,Data/Kvasir-SEG/images/cju2yljr0yzhw0988ecf271ly.jpg,Data/Kvasir-SEG/masks/cju2yljr0yzhw0988ecf271ly.jpg,1220,1009,3,278666,1230980,22.6377,Large,False
cju2yo1j1v0qz09934o0e683p.jpg,Data/Kvasir-SEG/images/cju2yo1j1v0qz09934o0e683p.jpg,Data/Kvasir-SEG/masks/cju2yo1j1v0qz09934o0e683p.jpg,626,546,3,104575,341796,30.5957,Large,False
cju2ysg748ru80878sp6j0gm0.jpg,Data/Kvasir-SEG/images/cju2ysg748ru80878sp6j0gm0.jpg,Data/Kvasir-SEG/masks/cju2ysg748ru80878sp6j0gm0.jpg,572,547,3,95404,312884,30.4918,Large,False
cju2yv4imv6cz099314jveiib.jpg,Data/Kvasir-SEG/images/cju2yv4imv6cz099314jveiib.jpg,Data/Kvasir-SEG/masks/cju2yv4imv6cz099314jveiib.jpg,621,529,3,36147,328509,11.0034,Medium,False
cju2yw4s7z7p20988lmf2gdgd.jpg,Data/Kvasir-SEG/images/cju2yw4s7z7p20988lmf2gdgd.jpg,Data/Kvasir-SEG/masks/cju2yw4s7z7p20988lmf2gdgd.jpg,571,530,3,23323,302630,7.7068,Medium,False
cju2yyhsp933j0855hp32e012.jpg,Data/Kvasir-SEG/images/cju2yyhsp933j0855hp32e012.jpg,Data/Kvasir-SEG/masks/cju2yyhsp933j0855hp32e012.jpg,593,435,3,51475,257955,19.955,Medium,False
cju2z1nxlzaj40835wj81s1iy.jpg,Data/Kvasir-SEG/images/cju2z1nxlzaj40835wj81s1iy.jpg,Data/Kvasir-SEG/masks/cju2z1nxlzaj40835wj81s1iy.jpg,622,531,3,72916,330282,22.0769,Large,False
cju2z2x3nvd3c099350zgty7w.jpg,Data/Kvasir-SEG/images/cju2z2x3nvd3c099350zgty7w.jpg,Data/Kvasir-SEG/masks/cju2z2x3nvd3c099350zgty7w.jpg,553,530,3,19217,293090,6.5567,Medium,False
cju2z45kuzf6d0988nz2c819m.jpg,Data/Kvasir-SEG/images/cju2z45kuzf6d0988nz2c819m.jpg,Data/Kvasir-SEG/masks/cju2z45kuzf6d0988nz2c819m.jpg,562,529,3,10249,297298,3.4474,Small,False
cju2z6ez69g4u0801qwt088lw.jpg,Data/Kvasir-SEG/images/cju2z6ez69g4u0801qwt088lw.jpg,Data/Kvasir-SEG/masks/cju2z6ez69g4u0801qwt088lw.jpg,626,538,3,103070,336788,30.6038,Large,False
cju2z9vlp9j0w0801oag91sy9.jpg,Data/Kvasir-SEG/images/cju2z9vlp9j0w0801oag91sy9.jpg,Data/Kvasir-SEG/masks/cju2z9vlp9j0w0801oag91sy9.jpg,622,531,3,22387,330282,6.7781,Medium,False
cju2zblxw9848087853csbrx1.jpg,Data/Kvasir-SEG/images/cju2zblxw9848087853csbrx1.jpg,Data/Kvasir-SEG/masks/cju2zblxw9848087853csbrx1.jpg,586,530,3,28730,310580,9.2504,Medium,False
cju2zdhsczmn50988z64qwg2q.jpg,Data/Kvasir-SEG/images/cju2zdhsczmn50988z64qwg2q.jpg,Data/Kvasir-SEG/masks/cju2zdhsczmn50988z64qwg2q.jpg,598,530,3,44269,316940,13.9676,Medium,False
cju2zdvjn9h7r08553cp4eed5.jpg,Data/Kvasir-SEG/images/cju2zdvjn9h7r08553cp4eed5.jpg,Data/Kvasir-SEG/masks/cju2zdvjn9h7r08553cp4eed5.jpg,401,415,3,10272,166415,6.1725,Medium,False
cju2zgbj9zmrw0835nnlzxj4c.jpg,Data/Kvasir-SEG/images/cju2zgbj9zmrw0835nnlzxj4c.jpg,Data/Kvasir-SEG/masks/cju2zgbj9zmrw0835nnlzxj4c.jpg,623,528,3,102070,328944,31.0296,Large,False
cju2zi4l09f5807991s8do2b2.jpg,Data/Kvasir-SEG/images/cju2zi4l09f5807991s8do2b2.jpg,Data/Kvasir-SEG/masks/cju2zi4l09f5807991s8do2b2.jpg,622,530,3,33497,329660,10.1611,Medium,False
cju2zjcvj9qma0801dk71hhi0.jpg,Data/Kvasir-SEG/images/cju2zjcvj9qma0801dk71hhi0.jpg,Data/Kvasir-SEG/masks/cju2zjcvj9qma0801dk71hhi0.jpg,622,528,3,121112,328416,36.8776,Large,False
cju2zkpdl9h7t0799ix60teqg.jpg,Data/Kvasir-SEG/images/cju2zkpdl9h7t0799ix60teqg.jpg,Data/Kvasir-SEG/masks/cju2zkpdl9h7t0799ix60teqg.jpg,611,528,3,14997,322608,4.6487,Small,False
cju2zm0axztpe0988r8s9twjr.jpg,Data/Kvasir-SEG/images/cju2zm0axztpe0988r8s9twjr.jpg,Data/Kvasir-SEG/masks/cju2zm0axztpe0988r8s9twjr.jpg,623,528,3,23123,328944,7.0295,Medium,False
cju2zo0fwzv580988qlijd2xa.jpg,Data/Kvasir-SEG/images/cju2zo0fwzv580988qlijd2xa.jpg,Data/Kvasir-SEG/masks/cju2zo0fwzv580988qlijd2xa.jpg,616,530,3,26916,326480,8.2443,Medium,False
cju2zp89k9q1g0855k1x0f1xa.jpg,Data/Kvasir-SEG/images/cju2zp89k9q1g0855k1x0f1xa.jpg,Data/Kvasir-SEG/masks/cju2zp89k9q1g0855k1x0f1xa.jpg,622,530,3,8866,329660,2.6894,Small,False
cju2zpw4q9vzr0801p0lysjdl.jpg,Data/Kvasir-SEG/images/cju2zpw4q9vzr0801p0lysjdl.jpg,Data/Kvasir-SEG/masks/cju2zpw4q9vzr0801p0lysjdl.jpg,605,546,3,10513,330330,3.1826,Small,False
cju2zr3c3vwb00993jn06bbaz.jpg,Data/Kvasir-SEG/images/cju2zr3c3vwb00993jn06bbaz.jpg,Data/Kvasir-SEG/masks/cju2zr3c3vwb00993jn06bbaz.jpg,575,531,3,15711,305325,5.1457,Medium,False
cju2zrojo9kcd0878ld2epejq.jpg,Data/Kvasir-SEG/images/cju2zrojo9kcd0878ld2epejq.jpg,Data/Kvasir-SEG/masks/cju2zrojo9kcd0878ld2epejq.jpg,621,531,3,14227,329751,4.3145,Small,False
cju2zwg05a0oy0801yr73ig7g.jpg,Data/Kvasir-SEG/images/cju2zwg05a0oy0801yr73ig7g.jpg,Data/Kvasir-SEG/masks/cju2zwg05a0oy0801yr73ig7g.jpg,599,531,3,37391,318069,11.7556,Medium,False
cju2zxja9w1eh09933609ho9z.jpg,Data/Kvasir-SEG/images/cju2zxja9w1eh09933609ho9z.jpg,Data/Kvasir-SEG/masks/cju2zxja9w1eh09933609ho9z.jpg,584,530,3,11691,309520,3.7771,Small,False
cju2zy1e49pqk0878t6ncqn12.jpg,Data/Kvasir-SEG/images/cju2zy1e49pqk0878t6ncqn12.jpg,Data/Kvasir-SEG/masks/cju2zy1e49pqk0878t6ncqn12.jpg,622,529,3,10688,329038,3.2483,Small,False
cju300m3s04fg0988uzupuf7z.jpg,Data/Kvasir-SEG/images/cju300m3s04fg0988uzupuf7z.jpg,Data/Kvasir-SEG/masks/cju300m3s04fg0988uzupuf7z.jpg,622,529,3,56647,329038,17.2159,Medium,False
cju302fqq9spc0878rrygyzzz.jpg,Data/Kvasir-SEG/images/cju302fqq9spc0878rrygyzzz.jpg,Data/Kvasir-SEG/masks/cju302fqq9spc0878rrygyzzz.jpg,592,528,3,69222,312576,22.1457,Large,False
cju303j5r062k098835zxfds5.jpg,Data/Kvasir-SEG/images/cju303j5r062k098835zxfds5.jpg,Data/Kvasir-SEG/masks/cju303j5r062k098835zxfds5.jpg,626,546,3,28192,341796,8.2482,Medium,False
cju30525w04r10835ygp257sb.jpg,Data/Kvasir-SEG/images/cju30525w04r10835ygp257sb.jpg,Data/Kvasir-SEG/masks/cju30525w04r10835ygp257sb.jpg,622,530,3,31469,329660,9.5459,Medium,False
cju306x7w05nb0835cunv799x.jpg,Data/Kvasir-SEG/images/cju306x7w05nb0835cunv799x.jpg,Data/Kvasir-SEG/masks/cju306x7w05nb0835cunv799x.jpg,626,546,3,54346,341796,15.9001,Medium,False
cju30ajhw09sx0988qyahx9s8.jpg,Data/Kvasir-SEG/images/cju30ajhw09sx0988qyahx9s8.jpg,Data/Kvasir-SEG/masks/cju30ajhw09sx0988qyahx9s8.jpg,622,530,3,93200,329660,28.2716,Large,False
cju30bmab08bi0835mvlr6e0r.jpg,Data/Kvasir-SEG/images/cju30bmab08bi0835mvlr6e0r.jpg,Data/Kvasir-SEG/masks/cju30bmab08bi0835mvlr6e0r.jpg,622,530,3,32227,329660,9.7758,Medium,False
cju30df2j09dd08351ayx2t6w.jpg,Data/Kvasir-SEG/images/cju30df2j09dd08351ayx2t6w.jpg,Data/Kvasir-SEG/masks/cju30df2j09dd08351ayx2t6w.jpg,622,530,3,36637,329660,11.1136,Medium,False
cju30ftgja7170855xl9bkdm0.jpg,Data/Kvasir-SEG/images/cju30ftgja7170855xl9bkdm0.jpg,Data/Kvasir-SEG/masks/cju30ftgja7170855xl9bkdm0.jpg,595,531,3,92679,315945,29.3339,Large,False
cju30gxjq0djk0988jytm49rs.jpg,Data/Kvasir-SEG/images/cju30gxjq0djk0988jytm49rs.jpg,Data/Kvasir-SEG/masks/cju30gxjq0djk0988jytm49rs.jpg,622,530,3,26464,329660,8.0277,Medium,False
cju30ia8da2bq0799klnehml2.jpg,Data/Kvasir-SEG/images/cju30ia8da2bq0799klnehml2.jpg,Data/Kvasir-SEG/masks/cju30ia8da2bq0799klnehml2.jpg,571,531,3,134506,303201,44.362,Large,False
cju30j1rgadut0801vuyrsnt8.jpg,Data/Kvasir-SEG/images/cju30j1rgadut0801vuyrsnt8.jpg,Data/Kvasir-SEG/masks/cju30j1rgadut0801vuyrsnt8.jpg,570,530,3,7389,302100,2.4459,Small,False
cju30k2z40ds308353kdew70n.jpg,Data/Kvasir-SEG/images/cju30k2z40ds308353kdew70n.jpg,Data/Kvasir-SEG/masks/cju30k2z40ds308353kdew70n.jpg,618,528,3,28495,326304,8.7327,Medium,False
cju30lncba3ny0878jwnous8n.jpg,Data/Kvasir-SEG/images/cju30lncba3ny0878jwnous8n.jpg,Data/Kvasir-SEG/masks/cju30lncba3ny0878jwnous8n.jpg,570,530,3,20794,302100,6.8832,Medium,False
cju30mm25a53s0799qa5wiqe8.jpg,Data/Kvasir-SEG/images/cju30mm25a53s0799qa5wiqe8.jpg,Data/Kvasir-SEG/masks/cju30mm25a53s0799qa5wiqe8.jpg,622,529,3,8113,329038,2.4657,Small,False
cju30nyxe0gfb0835p256yoju.jpg,Data/Kvasir-SEG/images/cju30nyxe0gfb0835p256yoju.jpg,Data/Kvasir-SEG/masks/cju30nyxe0gfb0835p256yoju.jpg,622,530,3,167702,329660,50.8712,Large,False
cju30ov1oah920801mi8thuyg.jpg,Data/Kvasir-SEG/images/cju30ov1oah920801mi8thuyg.jpg,Data/Kvasir-SEG/masks/cju30ov1oah920801mi8thuyg.jpg,571,530,3,9466,302630,3.1279,Small,False
cju30qbm1ad3x0855znuhpz9u.jpg,Data/Kvasir-SEG/images/cju30qbm1ad3x0855znuhpz9u.jpg,Data/Kvasir-SEG/masks/cju30qbm1ad3x0855znuhpz9u.jpg,622,529,3,101258,329038,30.774,Large,False
cju30u1hbakn808019g15nb8b.jpg,Data/Kvasir-SEG/images/cju30u1hbakn808019g15nb8b.jpg,Data/Kvasir-SEG/masks/cju30u1hbakn808019g15nb8b.jpg,510,528,3,19126,269280,7.1026,Medium,False
cju30xqmh0ni00835ix3batv1.jpg,Data/Kvasir-SEG/images/cju30xqmh0ni00835ix3batv1.jpg,Data/Kvasir-SEG/masks/cju30xqmh0ni00835ix3batv1.jpg,622,529,3,66656,329038,20.2578,Large,False
cju30ywtc0oar0835bp2en7ec.jpg,Data/Kvasir-SEG/images/cju30ywtc0oar0835bp2en7ec.jpg,Data/Kvasir-SEG/masks/cju30ywtc0oar0835bp2en7ec.jpg,1348,1062,3,199669,1431576,13.9475,Medium,False
cju310f6val1v0855xo8tc3gu.jpg,Data/Kvasir-SEG/images/cju310f6val1v0855xo8tc3gu.jpg,Data/Kvasir-SEG/masks/cju310f6val1v0855xo8tc3gu.jpg,622,531,3,190386,330282,57.6435,Large,False
cju3128yi0rpu0988o4oo5n8n.jpg,Data/Kvasir-SEG/images/cju3128yi0rpu0988o4oo5n8n.jpg,Data/Kvasir-SEG/masks/cju3128yi0rpu0988o4oo5n8n.jpg,622,531,3,13394,330282,4.0553,Small,False
cju31rb7vb6110801p9rhacuw.jpg,Data/Kvasir-SEG/images/cju31rb7vb6110801p9rhacuw.jpg,Data/Kvasir-SEG/masks/cju31rb7vb6110801p9rhacuw.jpg,622,530,3,17234,329660,5.2278,Medium,False
cju31t8xd17bk0835rnb893jk.jpg,Data/Kvasir-SEG/images/cju31t8xd17bk0835rnb893jk.jpg,Data/Kvasir-SEG/masks/cju31t8xd17bk0835rnb893jk.jpg,622,529,3,1904,329038,0.5787,Small,False
cju31ugmfb3dz0855xtqshki6.jpg,Data/Kvasir-SEG/images/cju31ugmfb3dz0855xtqshki6.jpg,Data/Kvasir-SEG/masks/cju31ugmfb3dz0855xtqshki6.jpg,612,544,3,27100,332928,8.1399,Medium,False
cju31w6goazci0799n014ly1q.jpg,Data/Kvasir-SEG/images/cju31w6goazci0799n014ly1q.jpg,Data/Kvasir-SEG/masks/cju31w6goazci0799n014ly1q.jpg,627,547,3,43180,342969,12.5901,Medium,False
cju31y80qbawn0801twwm2l5s.jpg,Data/Kvasir-SEG/images/cju31y80qbawn0801twwm2l5s.jpg,Data/Kvasir-SEG/masks/cju31y80qbawn0801twwm2l5s.jpg,569,495,3,53421,281655,18.9668,Medium,False
cju320gyvbch60801v2amdi2g.jpg,Data/Kvasir-SEG/images/cju320gyvbch60801v2amdi2g.jpg,Data/Kvasir-SEG/masks/cju320gyvbch60801v2amdi2g.jpg,616,503,3,64304,309848,20.7534,Large,False
cju323ypb1fbb0988gx5rzudb.jpg,Data/Kvasir-SEG/images/cju323ypb1fbb0988gx5rzudb.jpg,Data/Kvasir-SEG/masks/cju323ypb1fbb0988gx5rzudb.jpg,604,530,3,121648,320120,38.0007,Large,False
cju324q101fhe08350wae9cif.jpg,Data/Kvasir-SEG/images/cju324q101fhe08350wae9cif.jpg,Data/Kvasir-SEG/masks/cju324q101fhe08350wae9cif.jpg,618,530,3,32177,327540,9.8238,Medium,False
cju326h4v1gxw08352px40p7r.jpg,Data/Kvasir-SEG/images/cju326h4v1gxw08352px40p7r.jpg,Data/Kvasir-SEG/masks/cju326h4v1gxw08352px40p7r.jpg,616,528,3,125488,325248,38.5823,Large,False
cju3280wv1ir009882jze27tc.jpg,Data/Kvasir-SEG/images/cju3280wv1ir009882jze27tc.jpg,Data/Kvasir-SEG/masks/cju3280wv1ir009882jze27tc.jpg,571,530,3,44295,302630,14.6367,Medium,False
cju32a52lb9rc0799xi40qs00.jpg,Data/Kvasir-SEG/images/cju32a52lb9rc0799xi40qs00.jpg,Data/Kvasir-SEG/masks/cju32a52lb9rc0799xi40qs00.jpg,621,529,3,116164,328509,35.361,Large,False
cju32csyfblyh080170aa3x5p.jpg,Data/Kvasir-SEG/images/cju32csyfblyh080170aa3x5p.jpg,Data/Kvasir-SEG/masks/cju32csyfblyh080170aa3x5p.jpg,626,547,3,41155,342422,12.0188,Medium,False
cju32fhnhbds40799broyoptc.jpg,Data/Kvasir-SEG/images/cju32fhnhbds40799broyoptc.jpg,Data/Kvasir-SEG/masks/cju32fhnhbds40799broyoptc.jpg,621,530,3,16790,329130,5.1013,Medium,False
cju32gzs6xo8x0993r8tedbpb.jpg,Data/Kvasir-SEG/images/cju32gzs6xo8x0993r8tedbpb.jpg,Data/Kvasir-SEG/masks/cju32gzs6xo8x0993r8tedbpb.jpg,626,547,3,44973,342422,13.1338,Medium,False
cju32jcdabepz0878d0cznmfe.jpg,Data/Kvasir-SEG/images/cju32jcdabepz0878d0cznmfe.jpg,Data/Kvasir-SEG/masks/cju32jcdabepz0878d0cznmfe.jpg,622,530,3,46560,329660,14.1236,Medium,False
cju32l161bi1v07990vm376in.jpg,Data/Kvasir-SEG/images/cju32l161bi1v07990vm376in.jpg,Data/Kvasir-SEG/masks/cju32l161bi1v07990vm376in.jpg,622,529,3,10582,329038,3.216,Small,False
cju32phw2bv130801yj7bkouq.jpg,Data/Kvasir-SEG/images/cju32phw2bv130801yj7bkouq.jpg,Data/Kvasir-SEG/masks/cju32phw2bv130801yj7bkouq.jpg,626,547,3,192430,342422,56.1967,Large,False
cju32pzh9bpw10855q4vaxfhe.jpg,Data/Kvasir-SEG/images/cju32pzh9bpw10855q4vaxfhe.jpg,Data/Kvasir-SEG/masks/cju32pzh9bpw10855q4vaxfhe.jpg,621,546,3,18650,339066,5.5004,Medium,False
cju32qr9tbvsj08013pkpjenq.jpg,Data/Kvasir-SEG/images/cju32qr9tbvsj08013pkpjenq.jpg,Data/Kvasir-SEG/masks/cju32qr9tbvsj08013pkpjenq.jpg,615,546,3,22392,335790,6.6685,Medium,False
cju32srle1xfq083575i3fl75.jpg,Data/Kvasir-SEG/images/cju32srle1xfq083575i3fl75.jpg,Data/Kvasir-SEG/masks/cju32srle1xfq083575i3fl75.jpg,626,547,3,21652,342422,6.3232,Medium,False
cju32upim1z7u0988l883nqp6.jpg,Data/Kvasir-SEG/images/cju32upim1z7u0988l883nqp6.jpg,Data/Kvasir-SEG/masks/cju32upim1z7u0988l883nqp6.jpg,570,479,3,36669,273030,13.4304,Medium,False
cju32zhbnc1oy0801iyv1ix6p.jpg,Data/Kvasir-SEG/images/cju32zhbnc1oy0801iyv1ix6p.jpg,Data/Kvasir-SEG/masks/cju32zhbnc1oy0801iyv1ix6p.jpg,622,531,3,83402,330282,25.2518,Large,False
cju330ofbc2l30801th5g3hw6.jpg,Data/Kvasir-SEG/images/cju330ofbc2l30801th5g3hw6.jpg,Data/Kvasir-SEG/masks/cju330ofbc2l30801th5g3hw6.jpg,495,529,3,10417,261855,3.9782,Small,False
cju33231uy4gi0993qc7b1jch.jpg,Data/Kvasir-SEG/images/cju33231uy4gi0993qc7b1jch.jpg,Data/Kvasir-SEG/masks/cju33231uy4gi0993qc7b1jch.jpg,622,529,3,18989,329038,5.7711,Medium,False
cju334jzo261t0835yqudnfs1.jpg,Data/Kvasir-SEG/images/cju334jzo261t0835yqudnfs1.jpg,Data/Kvasir-SEG/masks/cju334jzo261t0835yqudnfs1.jpg,623,528,3,65832,328944,20.0131,Large,False
cju336l68y7if0993wf092166.jpg,Data/Kvasir-SEG/images/cju336l68y7if0993wf092166.jpg,Data/Kvasir-SEG/masks/cju336l68y7if0993wf092166.jpg,583,530,3,69819,308990,22.5959,Large,False
cju3381d8bz3h07991xtl7ra0.jpg,Data/Kvasir-SEG/images/cju3381d8bz3h07991xtl7ra0.jpg,Data/Kvasir-SEG/masks/cju3381d8bz3h07991xtl7ra0.jpg,567,528,3,15002,299376,5.0111,Medium,False
cju33belnbyhm0878yxl42233.jpg,Data/Kvasir-SEG/images/cju33belnbyhm0878yxl42233.jpg,Data/Kvasir-SEG/masks/cju33belnbyhm0878yxl42233.jpg,613,528,3,21657,323664,6.6912,Medium,False
cju33eqwbcch208012jikwdky.jpg,Data/Kvasir-SEG/images/cju33eqwbcch208012jikwdky.jpg,Data/Kvasir-SEG/masks/cju33eqwbcch208012jikwdky.jpg,626,547,3,47695,342422,13.9287,Medium,False
cju33jon3ygbj0993pu22a4k6.jpg,Data/Kvasir-SEG/images/cju33jon3ygbj0993pu22a4k6.jpg,Data/Kvasir-SEG/masks/cju33jon3ygbj0993pu22a4k6.jpg,626,547,3,14127,342422,4.1256,Small,False
cju33mirdc8mj0799k33wzoes.jpg,Data/Kvasir-SEG/images/cju33mirdc8mj0799k33wzoes.jpg,Data/Kvasir-SEG/masks/cju33mirdc8mj0799k33wzoes.jpg,626,547,3,58210,342422,16.9995,Medium,False
cju33o12x2jm50988944mxq0v.jpg,Data/Kvasir-SEG/images/cju33o12x2jm50988944mxq0v.jpg,Data/Kvasir-SEG/masks/cju33o12x2jm50988944mxq0v.jpg,622,530,3,11065,329660,3.3565,Small,False
cju33qpdvc9g0087825jhf3s9.jpg,Data/Kvasir-SEG/images/cju33qpdvc9g0087825jhf3s9.jpg,Data/Kvasir-SEG/masks/cju33qpdvc9g0087825jhf3s9.jpg,622,531,3,11268,330282,3.4116,Small,False
cju33w4sdcivk0855x879zht7.jpg,Data/Kvasir-SEG/images/cju33w4sdcivk0855x879zht7.jpg,Data/Kvasir-SEG/masks/cju33w4sdcivk0855x879zht7.jpg,617,547,3,25538,337499,7.5668,Medium,False
cju33x0f22peh0988g0ln7w5v.jpg,Data/Kvasir-SEG/images/cju33x0f22peh0988g0ln7w5v.jpg,Data/Kvasir-SEG/masks/cju33x0f22peh0988g0ln7w5v.jpg,597,528,3,8430,315216,2.6744,Small,False
cju33yemn2qb20988wfjxximx.jpg,Data/Kvasir-SEG/images/cju33yemn2qb20988wfjxximx.jpg,Data/Kvasir-SEG/masks/cju33yemn2qb20988wfjxximx.jpg,622,511,3,13634,317842,4.2896,Small,False
cju33za6l2qy70988jhrlp2ev.jpg,Data/Kvasir-SEG/images/cju33za6l2qy70988jhrlp2ev.jpg,Data/Kvasir-SEG/masks/cju33za6l2qy70988jhrlp2ev.jpg,626,546,3,19575,341796,5.7271,Medium,False
cju34aozyyy830993bn16u32n.jpg,Data/Kvasir-SEG/images/cju34aozyyy830993bn16u32n.jpg,Data/Kvasir-SEG/masks/cju34aozyyy830993bn16u32n.jpg,609,530,3,85750,322770,26.5669,Large,False
cju34c1xfyz920993itxkkfad.jpg,Data/Kvasir-SEG/images/cju34c1xfyz920993itxkkfad.jpg,Data/Kvasir-SEG/masks/cju34c1xfyz920993itxkkfad.jpg,570,508,3,74542,289560,25.7432,Large,False
cju34ds2531520988qjpqt6e3.jpg,Data/Kvasir-SEG/images/cju34ds2531520988qjpqt6e3.jpg,Data/Kvasir-SEG/masks/cju34ds2531520988qjpqt6e3.jpg,617,531,3,59651,327627,18.207,Medium,False
cju34eqjpcpm508788b3lhp97.jpg,Data/Kvasir-SEG/images/cju34eqjpcpm508788b3lhp97.jpg,Data/Kvasir-SEG/masks/cju34eqjpcpm508788b3lhp97.jpg,557,531,3,29591,295767,10.0048,Medium,False
cju34fojcctcf0799ebolbvkn.jpg,Data/Kvasir-SEG/images/cju34fojcctcf0799ebolbvkn.jpg,Data/Kvasir-SEG/masks/cju34fojcctcf0799ebolbvkn.jpg,626,547,3,9452,342422,2.7603,Small,False
cju34i3qvcyog0855qiejxx5w.jpg,Data/Kvasir-SEG/images/cju34i3qvcyog0855qiejxx5w.jpg,Data/Kvasir-SEG/masks/cju34i3qvcyog0855qiejxx5w.jpg,622,529,3,94394,329038,28.6879,Large,False
cju34m7h536wq0988xz7gx79v.jpg,Data/Kvasir-SEG/images/cju34m7h536wq0988xz7gx79v.jpg,Data/Kvasir-SEG/masks/cju34m7h536wq0988xz7gx79v.jpg,617,531,3,33825,327627,10.3242,Medium,False
cju34o6dbd2lo0855aqlcy1hs.jpg,Data/Kvasir-SEG/images/cju34o6dbd2lo0855aqlcy1hs.jpg,Data/Kvasir-SEG/masks/cju34o6dbd2lo0855aqlcy1hs.jpg,623,476,3,13779,296548,4.6465,Small,False
cju34ouumcznz07996gg1xq7v.jpg,Data/Kvasir-SEG/images/cju34ouumcznz07996gg1xq7v.jpg,Data/Kvasir-SEG/masks/cju34ouumcznz07996gg1xq7v.jpg,626,547,3,60237,342422,17.5915,Medium,False
cju34repocy5208780gswillm.jpg,Data/Kvasir-SEG/images/cju34repocy5208780gswillm.jpg,Data/Kvasir-SEG/masks/cju34repocy5208780gswillm.jpg,622,529,3,73738,329038,22.4102,Large,False
cju34sh43d8zm08019xbwhc0o.jpg,Data/Kvasir-SEG/images/cju34sh43d8zm08019xbwhc0o.jpg,Data/Kvasir-SEG/masks/cju34sh43d8zm08019xbwhc0o.jpg,620,530,3,38516,328600,11.7212,Medium,False
cju34uhepd3dd0799hs8782ad.jpg,Data/Kvasir-SEG/images/cju34uhepd3dd0799hs8782ad.jpg,Data/Kvasir-SEG/masks/cju34uhepd3dd0799hs8782ad.jpg,626,546,3,8483,341796,2.4819,Small,False
cju34xspwzenf0993cyzajv9n.jpg,Data/Kvasir-SEG/images/cju34xspwzenf0993cyzajv9n.jpg,Data/Kvasir-SEG/masks/cju34xspwzenf0993cyzajv9n.jpg,626,547,3,64735,342422,18.905,Medium,False
cju34ymm8d6700799uop0cw33.jpg,Data/Kvasir-SEG/images/cju34ymm8d6700799uop0cw33.jpg,Data/Kvasir-SEG/masks/cju34ymm8d6700799uop0cw33.jpg,621,531,3,15914,329751,4.8261,Small,False
cju34zivp3fq80988opxbaqyn.jpg,Data/Kvasir-SEG/images/cju34zivp3fq80988opxbaqyn.jpg,Data/Kvasir-SEG/masks/cju34zivp3fq80988opxbaqyn.jpg,580,528,3,22230,306240,7.259,Medium,False
cju3518w2d838079939fqztbc.jpg,Data/Kvasir-SEG/images/cju3518w2d838079939fqztbc.jpg,Data/Kvasir-SEG/masks/cju3518w2d838079939fqztbc.jpg,623,529,3,56126,329567,17.0302,Medium,False
cju3521y5d5mq0878t3ezsu4p.jpg,Data/Kvasir-SEG/images/cju3521y5d5mq0878t3ezsu4p.jpg,Data/Kvasir-SEG/masks/cju3521y5d5mq0878t3ezsu4p.jpg,622,530,3,20125,329660,6.1048,Medium,False
cju353d1eda8c07992afde611.jpg,Data/Kvasir-SEG/images/cju353d1eda8c07992afde611.jpg,Data/Kvasir-SEG/masks/cju353d1eda8c07992afde611.jpg,622,528,3,30078,328416,9.1585,Medium,False
cju35740hzm0g0993zl5ic246.jpg,Data/Kvasir-SEG/images/cju35740hzm0g0993zl5ic246.jpg,Data/Kvasir-SEG/masks/cju35740hzm0g0993zl5ic246.jpg,557,474,3,11547,264018,4.3736,Small,False
cju357rxxdaz30878y2esjpjt.jpg,Data/Kvasir-SEG/images/cju357rxxdaz30878y2esjpjt.jpg,Data/Kvasir-SEG/masks/cju357rxxdaz30878y2esjpjt.jpg,558,531,3,9888,296298,3.3372,Small,False
cju358pwtdby20878cg7nm0np.jpg,Data/Kvasir-SEG/images/cju358pwtdby20878cg7nm0np.jpg,Data/Kvasir-SEG/masks/cju358pwtdby20878cg7nm0np.jpg,581,528,3,13707,306768,4.4682,Small,False
cju35a77vdj4n08556jj2lgmc.jpg,Data/Kvasir-SEG/images/cju35a77vdj4n08556jj2lgmc.jpg,Data/Kvasir-SEG/masks/cju35a77vdj4n08556jj2lgmc.jpg,570,530,3,81947,302100,27.1258,Large,False
cju35atpxdjot0855q46aqrd0.jpg,Data/Kvasir-SEG/images/cju35atpxdjot0855q46aqrd0.jpg,Data/Kvasir-SEG/masks/cju35atpxdjot0855q46aqrd0.jpg,626,546,3,27086,341796,7.9246,Medium,False
cju35c4wzdhow0799h6eq4sgs.jpg,Data/Kvasir-SEG/images/cju35c4wzdhow0799h6eq4sgs.jpg,Data/Kvasir-SEG/masks/cju35c4wzdhow0799h6eq4sgs.jpg,599,531,3,38842,318069,12.2118,Medium,False
cju35eg0tdmjt085525sb4bua.jpg,Data/Kvasir-SEG/images/cju35eg0tdmjt085525sb4bua.jpg,Data/Kvasir-SEG/masks/cju35eg0tdmjt085525sb4bua.jpg,599,528,3,24348,316272,7.6984,Medium,False
cju35fxqyzt5p0993vusm54qz.jpg,Data/Kvasir-SEG/images/cju35fxqyzt5p0993vusm54qz.jpg,Data/Kvasir-SEG/masks/cju35fxqyzt5p0993vusm54qz.jpg,613,531,3,51819,325503,15.9197,Medium,False
cju35i2e63uxr0835h7zgkg9k.jpg,Data/Kvasir-SEG/images/cju35i2e63uxr0835h7zgkg9k.jpg,Data/Kvasir-SEG/masks/cju35i2e63uxr0835h7zgkg9k.jpg,614,531,3,56232,326034,17.2473,Medium,False
cju35k2fr3vc50988c85qkrwg.jpg,Data/Kvasir-SEG/images/cju35k2fr3vc50988c85qkrwg.jpg,Data/Kvasir-SEG/masks/cju35k2fr3vc50988c85qkrwg.jpg,570,530,3,19704,302100,6.5223,Medium,False
cju35ldepdtlm0801yv79y8vu.jpg,Data/Kvasir-SEG/images/cju35ldepdtlm0801yv79y8vu.jpg,Data/Kvasir-SEG/masks/cju35ldepdtlm0801yv79y8vu.jpg,626,547,3,16859,342422,4.9235,Small,False
cju35mdz73x890835eynq1h9v.jpg,Data/Kvasir-SEG/images/cju35mdz73x890835eynq1h9v.jpg,Data/Kvasir-SEG/masks/cju35mdz73x890835eynq1h9v.jpg,570,529,3,42405,301530,14.0633,Medium,False
cju35oyvd3y850988km12hdz1.jpg,Data/Kvasir-SEG/images/cju35oyvd3y850988km12hdz1.jpg,Data/Kvasir-SEG/masks/cju35oyvd3y850988km12hdz1.jpg,590,506,3,26570,298540,8.9,Medium,False
cju3tp94kfstl08181awh6z49.jpg,Data/Kvasir-SEG/images/cju3tp94kfstl08181awh6z49.jpg,Data/Kvasir-SEG/masks/cju3tp94kfstl08181awh6z49.jpg,593,530,3,191154,314290,60.8209,Large,False
cju3tsh4lfsok0987w6x3a0v1.jpg,Data/Kvasir-SEG/images/cju3tsh4lfsok0987w6x3a0v1.jpg,Data/Kvasir-SEG/masks/cju3tsh4lfsok0987w6x3a0v1.jpg,622,530,3,122858,329660,37.2681,Large,False
cju3ttznuftyf09875t11850w.jpg,Data/Kvasir-SEG/images/cju3ttznuftyf09875t11850w.jpg,Data/Kvasir-SEG/masks/cju3ttznuftyf09875t11850w.jpg,626,547,3,34711,342422,10.1369,Medium,False
cju3tvffffx5f0818t5ov22al.jpg,Data/Kvasir-SEG/images/cju3tvffffx5f0818t5ov22al.jpg,Data/Kvasir-SEG/masks/cju3tvffffx5f0818t5ov22al.jpg,622,530,3,75073,329660,22.7729,Large,False
cju3tx1qyg0c907552fglumhc.jpg,Data/Kvasir-SEG/images/cju3tx1qyg0c907552fglumhc.jpg,Data/Kvasir-SEG/masks/cju3tx1qyg0c907552fglumhc.jpg,622,529,3,25809,329038,7.8438,Medium,False
cju3u1c8tfyqx08503iedc3mx.jpg,Data/Kvasir-SEG/images/cju3u1c8tfyqx08503iedc3mx.jpg,Data/Kvasir-SEG/masks/cju3u1c8tfyqx08503iedc3mx.jpg,622,528,3,50030,328416,15.2337,Medium,False
cju3u39fog1bo0871lxjrabks.jpg,Data/Kvasir-SEG/images/cju3u39fog1bo0871lxjrabks.jpg,Data/Kvasir-SEG/masks/cju3u39fog1bo0871lxjrabks.jpg,1205,1010,3,105632,1217050,8.6793,Medium,False
cju3u4lxmg59o0755rz42b9en.jpg,Data/Kvasir-SEG/images/cju3u4lxmg59o0755rz42b9en.jpg,Data/Kvasir-SEG/masks/cju3u4lxmg59o0755rz42b9en.jpg,622,528,3,43947,328416,13.3815,Medium,False
cju3u815rg4ek0850vvhtcvcm.jpg,Data/Kvasir-SEG/images/cju3u815rg4ek0850vvhtcvcm.jpg,Data/Kvasir-SEG/masks/cju3u815rg4ek0850vvhtcvcm.jpg,595,546,3,145661,324870,44.8367,Large,False
cju3ua8u0g9rg0801uayhdxhu.jpg,Data/Kvasir-SEG/images/cju3ua8u0g9rg0801uayhdxhu.jpg,Data/Kvasir-SEG/masks/cju3ua8u0g9rg0801uayhdxhu.jpg,622,530,3,46426,329660,14.083,Medium,False
cju3uhb79gcgr0871orbrbi3x.jpg,Data/Kvasir-SEG/images/cju3uhb79gcgr0871orbrbi3x.jpg,Data/Kvasir-SEG/masks/cju3uhb79gcgr0871orbrbi3x.jpg,622,531,3,15207,330282,4.6042,Small,False
cju3ul8dogf1z09872y2ecowp.jpg,Data/Kvasir-SEG/images/cju3ul8dogf1z09872y2ecowp.jpg,Data/Kvasir-SEG/masks/cju3ul8dogf1z09872y2ecowp.jpg,609,531,3,15372,323379,4.7536,Small,False
cju3umoh1geet0817cmpef5am.jpg,Data/Kvasir-SEG/images/cju3umoh1geet0817cmpef5am.jpg,Data/Kvasir-SEG/masks/cju3umoh1geet0817cmpef5am.jpg,599,531,3,34139,318069,10.7332,Medium,False
cju3uwz6ogsp10801h2r3bj5l.jpg,Data/Kvasir-SEG/images/cju3uwz6ogsp10801h2r3bj5l.jpg,Data/Kvasir-SEG/masks/cju3uwz6ogsp10801h2r3bj5l.jpg,622,531,3,22743,330282,6.8859,Medium,False
cju3uz4o6gr9z0850lhxyxvsj.jpg,Data/Kvasir-SEG/images/cju3uz4o6gr9z0850lhxyxvsj.jpg,Data/Kvasir-SEG/masks/cju3uz4o6gr9z0850lhxyxvsj.jpg,1348,1070,3,298240,1442360,20.6772,Large,False
cju3v0fl3gwce0755qkjhzmd4.jpg,Data/Kvasir-SEG/images/cju3v0fl3gwce0755qkjhzmd4.jpg,Data/Kvasir-SEG/masks/cju3v0fl3gwce0755qkjhzmd4.jpg,621,530,3,71788,329130,21.8114,Large,False
cju3v11mrgwwb0755u242ygye.jpg,Data/Kvasir-SEG/images/cju3v11mrgwwb0755u242ygye.jpg,Data/Kvasir-SEG/masks/cju3v11mrgwwb0755u242ygye.jpg,622,530,3,24429,329660,7.4104,Medium,False
cju3v3ac9gyz30755hfqwyp1i.jpg,Data/Kvasir-SEG/images/cju3v3ac9gyz30755hfqwyp1i.jpg,Data/Kvasir-SEG/masks/cju3v3ac9gyz30755hfqwyp1i.jpg,578,530,3,22504,306340,7.3461,Medium,False
cju3v56bwgy8v0871w14pz8fx.jpg,Data/Kvasir-SEG/images/cju3v56bwgy8v0871w14pz8fx.jpg,Data/Kvasir-SEG/masks/cju3v56bwgy8v0871w14pz8fx.jpg,570,531,3,48041,302670,15.8724,Medium,False
cju3v664kh0px0818y4y7wolf.jpg,Data/Kvasir-SEG/images/cju3v664kh0px0818y4y7wolf.jpg,Data/Kvasir-SEG/masks/cju3v664kh0px0818y4y7wolf.jpg,621,531,3,20203,329751,6.1267,Medium,False
cju3v72v5h1qz0818fggilwtq.jpg,Data/Kvasir-SEG/images/cju3v72v5h1qz0818fggilwtq.jpg,Data/Kvasir-SEG/masks/cju3v72v5h1qz0818fggilwtq.jpg,622,529,3,11753,329038,3.5719,Small,False
cju3wstckialg0871xs0vevsj.jpg,Data/Kvasir-SEG/images/cju3wstckialg0871xs0vevsj.jpg,Data/Kvasir-SEG/masks/cju3wstckialg0871xs0vevsj.jpg,564,529,3,98620,298356,33.0545,Large,False
cju3x2s11ibzi0817kk284k0j.jpg,Data/Kvasir-SEG/images/cju3x2s11ibzi0817kk284k0j.jpg,Data/Kvasir-SEG/masks/cju3x2s11ibzi0817kk284k0j.jpg,622,530,3,33138,329660,10.0522,Medium,False
cju3x4blzieu30850x10uuvbm.jpg,Data/Kvasir-SEG/images/cju3x4blzieu30850x10uuvbm.jpg,Data/Kvasir-SEG/masks/cju3x4blzieu30850x10uuvbm.jpg,1210,1011,3,86444,1223310,7.0664,Medium,False
cju3x5u2tiihx0818914gzxy1.jpg,Data/Kvasir-SEG/images/cju3x5u2tiihx0818914gzxy1.jpg,Data/Kvasir-SEG/masks/cju3x5u2tiihx0818914gzxy1.jpg,622,530,3,79175,329660,24.0172,Large,False
cju3x7xsaijq80818f0psavav.jpg,Data/Kvasir-SEG/images/cju3x7xsaijq80818f0psavav.jpg,Data/Kvasir-SEG/masks/cju3x7xsaijq80818f0psavav.jpg,590,531,3,39302,313290,12.5449,Medium,False
cju3x9lttikfb0818a0g104zn.jpg,Data/Kvasir-SEG/images/cju3x9lttikfb0818a0g104zn.jpg,Data/Kvasir-SEG/masks/cju3x9lttikfb0818a0g104zn.jpg,622,530,3,17721,329660,5.3755,Medium,False
cju3xeexgii1j0817zs68tb4g.jpg,Data/Kvasir-SEG/images/cju3xeexgii1j0817zs68tb4g.jpg,Data/Kvasir-SEG/masks/cju3xeexgii1j0817zs68tb4g.jpg,622,528,3,111189,328416,33.8561,Large,False
cju3xga12iixg0817dijbvjxw.jpg,Data/Kvasir-SEG/images/cju3xga12iixg0817dijbvjxw.jpg,Data/Kvasir-SEG/masks/cju3xga12iixg0817dijbvjxw.jpg,622,530,3,95927,329660,29.0988,Large,False
cju3xhpvvimda0987ygrpzni2.jpg,Data/Kvasir-SEG/images/cju3xhpvvimda0987ygrpzni2.jpg,Data/Kvasir-SEG/masks/cju3xhpvvimda0987ygrpzni2.jpg,622,530,3,29066,329660,8.817,Medium,False
cju3xiic0ilzp0850lusrb42j.jpg,Data/Kvasir-SEG/images/cju3xiic0ilzp0850lusrb42j.jpg,Data/Kvasir-SEG/masks/cju3xiic0ilzp0850lusrb42j.jpg,571,530,3,8508,302630,2.8114,Small,False
cju3xjqtpikx50817tppy6g84.jpg,Data/Kvasir-SEG/images/cju3xjqtpikx50817tppy6g84.jpg,Data/Kvasir-SEG/masks/cju3xjqtpikx50817tppy6g84.jpg,622,530,3,48412,329660,14.6854,Medium,False
cju3xl264ingx0850rcf0rshj.jpg,Data/Kvasir-SEG/images/cju3xl264ingx0850rcf0rshj.jpg,Data/Kvasir-SEG/masks/cju3xl264ingx0850rcf0rshj.jpg,622,531,3,33591,330282,10.1704,Medium,False
cju3xtufwiv9c0818djsc4cqd.jpg,Data/Kvasir-SEG/images/cju3xtufwiv9c0818djsc4cqd.jpg,Data/Kvasir-SEG/masks/cju3xtufwiv9c0818djsc4cqd.jpg,615,530,3,17983,325950,5.5171,Medium,False
cju3xuj20ivgp0818mij8bjrd.jpg,Data/Kvasir-SEG/images/cju3xuj20ivgp0818mij8bjrd.jpg,Data/Kvasir-SEG/masks/cju3xuj20ivgp0818mij8bjrd.jpg,622,527,3,9772,327794,2.9811,Small,False
cju3xvoo2iqlc0817eku2r3wl.jpg,Data/Kvasir-SEG/images/cju3xvoo2iqlc0817eku2r3wl.jpg,Data/Kvasir-SEG/masks/cju3xvoo2iqlc0817eku2r3wl.jpg,446,530,3,12077,236380,5.1091,Medium,False
cju3xwpgviwlx0871rwm15q7v.jpg,Data/Kvasir-SEG/images/cju3xwpgviwlx0871rwm15q7v.jpg,Data/Kvasir-SEG/masks/cju3xwpgviwlx0871rwm15q7v.jpg,626,547,3,24041,342422,7.0209,Medium,False
cju3xzvnzj0hd0755xprz39nj.jpg,Data/Kvasir-SEG/images/cju3xzvnzj0hd0755xprz39nj.jpg,Data/Kvasir-SEG/masks/cju3xzvnzj0hd0755xprz39nj.jpg,625,513,3,113815,320625,35.4979,Large,False
cju3y0pjrj1c30755nxekxccj.jpg,Data/Kvasir-SEG/images/cju3y0pjrj1c30755nxekxccj.jpg,Data/Kvasir-SEG/masks/cju3y0pjrj1c30755nxekxccj.jpg,570,531,3,11533,302670,3.8104,Small,False
cju3y21quj0ir0818kgjagr15.jpg,Data/Kvasir-SEG/images/cju3y21quj0ir0818kgjagr15.jpg,Data/Kvasir-SEG/masks/cju3y21quj0ir0818kgjagr15.jpg,626,546,3,89515,341796,26.1896,Large,False
cju3y54kwj3nr0801biidlb4e.jpg,Data/Kvasir-SEG/images/cju3y54kwj3nr0801biidlb4e.jpg,Data/Kvasir-SEG/masks/cju3y54kwj3nr0801biidlb4e.jpg,620,546,3,196281,338520,57.9821,Large,False
cju3y79ofj3va0871uqfb1mzo.jpg,Data/Kvasir-SEG/images/cju3y79ofj3va0871uqfb1mzo.jpg,Data/Kvasir-SEG/masks/cju3y79ofj3va0871uqfb1mzo.jpg,598,530,3,34269,316940,10.8125,Medium,False
cju3y9difj6th0801kd1rqm3w.jpg,Data/Kvasir-SEG/images/cju3y9difj6th0801kd1rqm3w.jpg,Data/Kvasir-SEG/masks/cju3y9difj6th0801kd1rqm3w.jpg,597,529,3,31457,315813,9.9606,Medium,False
cju3ya7goj6at0818v2l5ay7f.jpg,Data/Kvasir-SEG/images/cju3ya7goj6at0818v2l5ay7f.jpg,Data/Kvasir-SEG/masks/cju3ya7goj6at0818v2l5ay7f.jpg,626,547,3,11564,342422,3.3771,Small,False
cju3yb47cj1xq0817zfotbni4.jpg,Data/Kvasir-SEG/images/cju3yb47cj1xq0817zfotbni4.jpg,Data/Kvasir-SEG/masks/cju3yb47cj1xq0817zfotbni4.jpg,626,547,3,44229,342422,12.9165,Medium,False
cju3yht87j83m08507yk1u1fg.jpg,Data/Kvasir-SEG/images/cju3yht87j83m08507yk1u1fg.jpg,Data/Kvasir-SEG/masks/cju3yht87j83m08507yk1u1fg.jpg,570,530,3,129974,302100,43.0235,Large,False
cju3ykamdj9u208503pygyuc8.jpg,Data/Kvasir-SEG/images/cju3ykamdj9u208503pygyuc8.jpg,Data/Kvasir-SEG/masks/cju3ykamdj9u208503pygyuc8.jpg,1220,1010,3,20555,1232200,1.6682,Small,False
cju40jl7skiuo0817p0smlgg8.jpg,Data/Kvasir-SEG/images/cju40jl7skiuo0817p0smlgg8.jpg,Data/Kvasir-SEG/masks/cju40jl7skiuo0817p0smlgg8.jpg,601,506,3,96306,304106,31.6686,Large,False
cju40m0rjkpw80871z6n6yg1u.jpg,Data/Kvasir-SEG/images/cju40m0rjkpw80871z6n6yg1u.jpg,Data/Kvasir-SEG/masks/cju40m0rjkpw80871z6n6yg1u.jpg,586,528,3,66425,309408,21.4684,Large,False
cju40poe4kt9s0755f9cnm3h5.jpg,Data/Kvasir-SEG/images/cju40poe4kt9s0755f9cnm3h5.jpg,Data/Kvasir-SEG/masks/cju40poe4kt9s0755f9cnm3h5.jpg,1348,1070,3,400954,1442360,27.7985,Large,False
cju40r6jrksyk0871wg98zgho.jpg,Data/Kvasir-SEG/images/cju40r6jrksyk0871wg98zgho.jpg,Data/Kvasir-SEG/masks/cju40r6jrksyk0871wg98zgho.jpg,622,528,3,54803,328416,16.6871,Medium,False
cju40sdwukv3k0755y99ug1k8.jpg,Data/Kvasir-SEG/images/cju40sdwukv3k0755y99ug1k8.jpg,Data/Kvasir-SEG/masks/cju40sdwukv3k0755y99ug1k8.jpg,615,528,3,32958,324720,10.1497,Medium,False
cju40taxlkrho0987smigg0x0.jpg,Data/Kvasir-SEG/images/cju40taxlkrho0987smigg0x0.jpg,Data/Kvasir-SEG/masks/cju40taxlkrho0987smigg0x0.jpg,622,393,3,24896,244446,10.1847,Medium,False
cju40u30gkuzc0871rq7t666d.jpg,Data/Kvasir-SEG/images/cju40u30gkuzc0871rq7t666d.jpg,Data/Kvasir-SEG/masks/cju40u30gkuzc0871rq7t666d.jpg,626,546,3,22663,341796,6.6306,Medium,False
cju40w3hbkwpn08015rbs3wko.jpg,Data/Kvasir-SEG/images/cju40w3hbkwpn08015rbs3wko.jpg,Data/Kvasir-SEG/masks/cju40w3hbkwpn08015rbs3wko.jpg,621,528,3,22284,327888,6.7962,Medium,False
cju40wto5kxwi0755it190f2k.jpg,Data/Kvasir-SEG/images/cju40wto5kxwi0755it190f2k.jpg,Data/Kvasir-SEG/masks/cju40wto5kxwi0755it190f2k.jpg,1348,1070,3,76003,1442360,5.2694,Medium,False
cju410dnfl0960755y8lu8d79.jpg,Data/Kvasir-SEG/images/cju410dnfl0960755y8lu8d79.jpg,Data/Kvasir-SEG/masks/cju410dnfl0960755y8lu8d79.jpg,626,546,3,71552,341796,20.9341,Large,False
cju412uwlkva50850d1ps1ww7.jpg,Data/Kvasir-SEG/images/cju412uwlkva50850d1ps1ww7.jpg,Data/Kvasir-SEG/masks/cju412uwlkva50850d1ps1ww7.jpg,616,547,3,136970,336952,40.6497,Large,False
cju414lf2l1lt0801rl3hjllj.jpg,Data/Kvasir-SEG/images/cju414lf2l1lt0801rl3hjllj.jpg,Data/Kvasir-SEG/masks/cju414lf2l1lt0801rl3hjllj.jpg,610,528,3,46954,322080,14.5784,Medium,False
cju418rckl3ur08012psrx1r1.jpg,Data/Kvasir-SEG/images/cju418rckl3ur08012psrx1r1.jpg,Data/Kvasir-SEG/masks/cju418rckl3ur08012psrx1r1.jpg,622,530,3,44807,329660,13.5919,Medium,False
cju41kd7yl4nm0850gil5qqwh.jpg,Data/Kvasir-SEG/images/cju41kd7yl4nm0850gil5qqwh.jpg,Data/Kvasir-SEG/masks/cju41kd7yl4nm0850gil5qqwh.jpg,535,531,3,21523,284085,7.5763,Medium,False
cju41lojblbs307555jdci937.jpg,Data/Kvasir-SEG/images/cju41lojblbs307555jdci937.jpg,Data/Kvasir-SEG/masks/cju41lojblbs307555jdci937.jpg,626,547,3,20425,342422,5.9649,Medium,False
cju41nz76lcxu0755cya2qefx.jpg,Data/Kvasir-SEG/images/cju41nz76lcxu0755cya2qefx.jpg,Data/Kvasir-SEG/masks/cju41nz76lcxu0755cya2qefx.jpg,586,514,3,55261,301204,18.3467,Medium,False
cju41p90plcsx08018cnzpndc.jpg,Data/Kvasir-SEG/images/cju41p90plcsx08018cnzpndc.jpg,Data/Kvasir-SEG/masks/cju41p90plcsx08018cnzpndc.jpg,622,529,3,8022,329038,2.438,Small,False
cju41r6v2lcww0871ps8k8pf5.jpg,Data/Kvasir-SEG/images/cju41r6v2lcww0871ps8k8pf5.jpg,Data/Kvasir-SEG/masks/cju41r6v2lcww0871ps8k8pf5.jpg,594,529,3,60305,314226,19.1916,Medium,False
cju41s6nbleqy0755e2mslg0b.jpg,Data/Kvasir-SEG/images/cju41s6nbleqy0755e2mslg0b.jpg,Data/Kvasir-SEG/masks/cju41s6nbleqy0755e2mslg0b.jpg,561,530,3,27081,297330,9.1081,Medium,False
cju41z76wlgbz0801qdetlvby.jpg,Data/Kvasir-SEG/images/cju41z76wlgbz0801qdetlvby.jpg,Data/Kvasir-SEG/masks/cju41z76wlgbz0801qdetlvby.jpg,592,421,3,25878,249232,10.3831,Medium,False
cju422cm8lfxn0818ojicxejb.jpg,Data/Kvasir-SEG/images/cju422cm8lfxn0818ojicxejb.jpg,Data/Kvasir-SEG/masks/cju422cm8lfxn0818ojicxejb.jpg,571,531,3,29982,303201,9.8885,Medium,False
cju424hy5lckr085073fva1ok.jpg,Data/Kvasir-SEG/images/cju424hy5lckr085073fva1ok.jpg,Data/Kvasir-SEG/masks/cju424hy5lckr085073fva1ok.jpg,576,530,3,33828,305280,11.081,Medium,False
cju426tomlhll0818fc0i7nvh.jpg,Data/Kvasir-SEG/images/cju426tomlhll0818fc0i7nvh.jpg,Data/Kvasir-SEG/masks/cju426tomlhll0818fc0i7nvh.jpg,611,528,3,18150,322608,5.626,Medium,False
cju428k5fldt108177s6g6f45.jpg,Data/Kvasir-SEG/images/cju428k5fldt108177s6g6f45.jpg,Data/Kvasir-SEG/masks/cju428k5fldt108177s6g6f45.jpg,622,530,3,70386,329660,21.3511,Large,False
cju42dwedlmk60871jbgu4ehi.jpg,Data/Kvasir-SEG/images/cju42dwedlmk60871jbgu4ehi.jpg,Data/Kvasir-SEG/masks/cju42dwedlmk60871jbgu4ehi.jpg,621,531,3,53403,329751,16.1949,Medium,False
cju42g865lorv07552ytz6xxa.jpg,Data/Kvasir-SEG/images/cju42g865lorv07552ytz6xxa.jpg,Data/Kvasir-SEG/masks/cju42g865lorv07552ytz6xxa.jpg,599,527,3,68234,315673,21.6154,Large,False
cju42m60jlpcm08186kqppzqv.jpg,Data/Kvasir-SEG/images/cju42m60jlpcm08186kqppzqv.jpg,Data/Kvasir-SEG/masks/cju42m60jlpcm08186kqppzqv.jpg,626,547,3,27269,342422,7.9636,Medium,False
cju42nm68lpyo0818xvvqmupq.jpg,Data/Kvasir-SEG/images/cju42nm68lpyo0818xvvqmupq.jpg,Data/Kvasir-SEG/masks/cju42nm68lpyo0818xvvqmupq.jpg,504,530,3,44159,267120,16.5315,Medium,False
cju42py9mlqyd0818u3d1d7ga.jpg,Data/Kvasir-SEG/images/cju42py9mlqyd0818u3d1d7ga.jpg,Data/Kvasir-SEG/masks/cju42py9mlqyd0818u3d1d7ga.jpg,545,433,3,24753,235985,10.4892,Medium,False
cju42qet0lsq90871e50xbnuv.jpg,Data/Kvasir-SEG/images/cju42qet0lsq90871e50xbnuv.jpg,Data/Kvasir-SEG/masks/cju42qet0lsq90871e50xbnuv.jpg,598,531,3,23875,317538,7.5188,Medium,False
cju42romflni20817etb9a0fl.jpg,Data/Kvasir-SEG/images/cju42romflni20817etb9a0fl.jpg,Data/Kvasir-SEG/masks/cju42romflni20817etb9a0fl.jpg,622,528,3,30480,328416,9.2809,Medium,False
cju42tauqlo5p08171l3cuo4b.jpg,Data/Kvasir-SEG/images/cju42tauqlo5p08171l3cuo4b.jpg,Data/Kvasir-SEG/masks/cju42tauqlo5p08171l3cuo4b.jpg,627,547,3,19469,342969,5.6766,Medium,False
cju42u5bjlvi10801dc13sskp.jpg,Data/Kvasir-SEG/images/cju42u5bjlvi10801dc13sskp.jpg,Data/Kvasir-SEG/masks/cju42u5bjlvi10801dc13sskp.jpg,541,528,3,34726,285648,12.1569,Medium,False
cju42wamblrqn098798r2yyok.jpg,Data/Kvasir-SEG/images/cju42wamblrqn098798r2yyok.jpg,Data/Kvasir-SEG/masks/cju42wamblrqn098798r2yyok.jpg,621,547,3,77413,339687,22.7895,Large,False
cju42xpi8lw4w0871ve317a1p.jpg,Data/Kvasir-SEG/images/cju42xpi8lw4w0871ve317a1p.jpg,Data/Kvasir-SEG/masks/cju42xpi8lw4w0871ve317a1p.jpg,465,530,3,21605,246450,8.7665,Medium,False
cju430pm2lz0y0755jkhcc3d1.jpg,Data/Kvasir-SEG/images/cju430pm2lz0y0755jkhcc3d1.jpg,Data/Kvasir-SEG/masks/cju430pm2lz0y0755jkhcc3d1.jpg,626,547,3,77103,342422,22.517,Large,False
cju439oazm2fu0871ma0vvrft.jpg,Data/Kvasir-SEG/images/cju439oazm2fu0871ma0vvrft.jpg,Data/Kvasir-SEG/masks/cju439oazm2fu0871ma0vvrft.jpg,622,531,3,55563,330282,16.8229,Medium,False
cju43b8daly4408170e5ev06g.jpg,Data/Kvasir-SEG/images/cju43b8daly4408170e5ev06g.jpg,Data/Kvasir-SEG/masks/cju43b8daly4408170e5ev06g.jpg,600,531,3,61659,318600,19.3531,Medium,False
cju43c92lm5cj0755lorsorfg.jpg,Data/Kvasir-SEG/images/cju43c92lm5cj0755lorsorfg.jpg,Data/Kvasir-SEG/masks/cju43c92lm5cj0755lorsorfg.jpg,591,529,3,13523,312639,4.3254,Small,False
cju43eigtm6ev0801mv0m96t1.jpg,Data/Kvasir-SEG/images/cju43eigtm6ev0801mv0m96t1.jpg,Data/Kvasir-SEG/masks/cju43eigtm6ev0801mv0m96t1.jpg,619,528,3,134554,326832,41.1692,Large,False
cju43gfosm63n08714rpih8pe.jpg,Data/Kvasir-SEG/images/cju43gfosm63n08714rpih8pe.jpg,Data/Kvasir-SEG/masks/cju43gfosm63n08714rpih8pe.jpg,622,530,3,87888,329660,26.6602,Large,False
cju43h43am1dy08176gwfhmnt.jpg,Data/Kvasir-SEG/images/cju43h43am1dy08176gwfhmnt.jpg,Data/Kvasir-SEG/masks/cju43h43am1dy08176gwfhmnt.jpg,594,530,3,8766,314820,2.7844,Small,False
cju43in5fm22c08175rxziqrk.jpg,Data/Kvasir-SEG/images/cju43in5fm22c08175rxziqrk.jpg,Data/Kvasir-SEG/masks/cju43in5fm22c08175rxziqrk.jpg,616,530,3,93814,326480,28.735,Large,False
cju43jcqim2cp08172dvjvyui.jpg,Data/Kvasir-SEG/images/cju43jcqim2cp08172dvjvyui.jpg,Data/Kvasir-SEG/masks/cju43jcqim2cp08172dvjvyui.jpg,626,547,3,10304,342422,3.0092,Small,False
cju43kj2pm34f0850l28ahpni.jpg,Data/Kvasir-SEG/images/cju43kj2pm34f0850l28ahpni.jpg,Data/Kvasir-SEG/masks/cju43kj2pm34f0850l28ahpni.jpg,622,528,3,3992,328416,1.2155,Small,False
cju43lcnum9y10755bjs7z87f.jpg,Data/Kvasir-SEG/images/cju43lcnum9y10755bjs7z87f.jpg,Data/Kvasir-SEG/masks/cju43lcnum9y10755bjs7z87f.jpg,590,528,3,12542,311520,4.0261,Small,False
cju43mkj9m8wb0871qiadahub.jpg,Data/Kvasir-SEG/images/cju43mkj9m8wb0871qiadahub.jpg,Data/Kvasir-SEG/masks/cju43mkj9m8wb0871qiadahub.jpg,626,547,3,34350,342422,10.0315,Medium,False
cju43o6n7m9nk087191ijwqq9.jpg,Data/Kvasir-SEG/images/cju43o6n7m9nk087191ijwqq9.jpg,Data/Kvasir-SEG/masks/cju43o6n7m9nk087191ijwqq9.jpg,618,530,3,26003,327540,7.9389,Medium,False
cju45jpvfn6c809873pv1i34s.jpg,Data/Kvasir-SEG/images/cju45jpvfn6c809873pv1i34s.jpg,Data/Kvasir-SEG/masks/cju45jpvfn6c809873pv1i34s.jpg,593,530,3,40195,314290,12.7891,Medium,False
cju45lbgznahl08180xz1h7u6.jpg,Data/Kvasir-SEG/images/cju45lbgznahl08180xz1h7u6.jpg,Data/Kvasir-SEG/masks/cju45lbgznahl08180xz1h7u6.jpg,622,527,3,31133,327794,9.4977,Medium,False
cju45n0oxn5vu08500yfrt9jn.jpg,Data/Kvasir-SEG/images/cju45n0oxn5vu08500yfrt9jn.jpg,Data/Kvasir-SEG/masks/cju45n0oxn5vu08500yfrt9jn.jpg,622,530,3,31821,329660,9.6527,Medium,False
cju45ofd9ne1j0801ri8dup7t.jpg,Data/Kvasir-SEG/images/cju45ofd9ne1j0801ri8dup7t.jpg,Data/Kvasir-SEG/masks/cju45ofd9ne1j0801ri8dup7t.jpg,622,530,3,190758,329660,57.8651,Large,False
cju45pm27n80u08174kyow1gj.jpg,Data/Kvasir-SEG/images/cju45pm27n80u08174kyow1gj.jpg,Data/Kvasir-SEG/masks/cju45pm27n80u08174kyow1gj.jpg,626,547,3,45318,342422,13.2345,Medium,False
cju45qbf3n9sa0987oonbkly9.jpg,Data/Kvasir-SEG/images/cju45qbf3n9sa0987oonbkly9.jpg,Data/Kvasir-SEG/masks/cju45qbf3n9sa0987oonbkly9.jpg,621,531,3,27428,329751,8.3178,Medium,False
cju45rj7ln8980850a7821fov.jpg,Data/Kvasir-SEG/images/cju45rj7ln8980850a7821fov.jpg,Data/Kvasir-SEG/masks/cju45rj7ln8980850a7821fov.jpg,585,546,3,34210,319410,10.7104,Medium,False
cju45t5ddnbio0987qtqzx762.jpg,Data/Kvasir-SEG/images/cju45t5ddnbio0987qtqzx762.jpg,Data/Kvasir-SEG/masks/cju45t5ddnbio0987qtqzx762.jpg,618,530,3,39772,327540,12.1426,Medium,False
cju45ty6zn9oz0850qy4qnck1.jpg,Data/Kvasir-SEG/images/cju45ty6zn9oz0850qy4qnck1.jpg,Data/Kvasir-SEG/masks/cju45ty6zn9oz0850qy4qnck1.jpg,551,531,3,33505,292581,11.4515,Medium,False
cju45v0pungu40871acnwtmu5.jpg,Data/Kvasir-SEG/images/cju45v0pungu40871acnwtmu5.jpg,Data/Kvasir-SEG/masks/cju45v0pungu40871acnwtmu5.jpg,606,530,3,46154,321180,14.3701,Medium,False
cju5b9oyda4yr0850g9viziyv.jpg,Data/Kvasir-SEG/images/cju5b9oyda4yr0850g9viziyv.jpg,Data/Kvasir-SEG/masks/cju5b9oyda4yr0850g9viziyv.jpg,622,528,3,23742,328416,7.2292,Medium,False
cju5bbtwsa8cl0987wgfsqpao.jpg,Data/Kvasir-SEG/images/cju5bbtwsa8cl0987wgfsqpao.jpg,Data/Kvasir-SEG/masks/cju5bbtwsa8cl0987wgfsqpao.jpg,595,531,3,31835,315945,10.0761,Medium,False
cju5bdwa3aatx0818b79i18zf.jpg,Data/Kvasir-SEG/images/cju5bdwa3aatx0818b79i18zf.jpg,Data/Kvasir-SEG/masks/cju5bdwa3aatx0818b79i18zf.jpg,622,530,3,23663,329660,7.178,Medium,False
cju5bf6hxa6m50817rbwettgu.jpg,Data/Kvasir-SEG/images/cju5bf6hxa6m50817rbwettgu.jpg,Data/Kvasir-SEG/masks/cju5bf6hxa6m50817rbwettgu.jpg,622,531,3,28706,330282,8.6914,Medium,False
cju5bhv81abur0850ean02atv.jpg,Data/Kvasir-SEG/images/cju5bhv81abur0850ean02atv.jpg,Data/Kvasir-SEG/masks/cju5bhv81abur0850ean02atv.jpg,611,531,3,53296,324441,16.427,Medium,False
cju5bj926aiec07559rshy4wa.jpg,Data/Kvasir-SEG/images/cju5bj926aiec07559rshy4wa.jpg,Data/Kvasir-SEG/masks/cju5bj926aiec07559rshy4wa.jpg,612,529,3,13068,323748,4.0365,Small,False
cju5bmhdcafs909878qfzrqzi.jpg,Data/Kvasir-SEG/images/cju5bmhdcafs909878qfzrqzi.jpg,Data/Kvasir-SEG/masks/cju5bmhdcafs909878qfzrqzi.jpg,561,528,3,44811,296208,15.1282,Medium,False
cju5boicjagt20871b1fotkh4.jpg,Data/Kvasir-SEG/images/cju5boicjagt20871b1fotkh4.jpg,Data/Kvasir-SEG/masks/cju5boicjagt20871b1fotkh4.jpg,622,529,3,104144,329038,31.6511,Large,False
cju5buy2bal250818ipl6fqwv.jpg,Data/Kvasir-SEG/images/cju5buy2bal250818ipl6fqwv.jpg,Data/Kvasir-SEG/masks/cju5buy2bal250818ipl6fqwv.jpg,569,430,3,39059,244670,15.964,Medium,False
cju5bwhapakm90987c1v4z46a.jpg,Data/Kvasir-SEG/images/cju5bwhapakm90987c1v4z46a.jpg,Data/Kvasir-SEG/masks/cju5bwhapakm90987c1v4z46a.jpg,622,529,3,11197,329038,3.403,Small,False
cju5bycdkalkb09875f7bfrvx.jpg,Data/Kvasir-SEG/images/cju5bycdkalkb09875f7bfrvx.jpg,Data/Kvasir-SEG/masks/cju5bycdkalkb09875f7bfrvx.jpg,603,530,3,80719,319590,25.257,Large,False
cju5c5xc7algd0817pb1ej5yo.jpg,Data/Kvasir-SEG/images/cju5c5xc7algd0817pb1ej5yo.jpg,Data/Kvasir-SEG/masks/cju5c5xc7algd0817pb1ej5yo.jpg,599,528,3,48609,316272,15.3694,Medium,False
cju5c7oijaqmq09878qwgqv8n.jpg,Data/Kvasir-SEG/images/cju5c7oijaqmq09878qwgqv8n.jpg,Data/Kvasir-SEG/masks/cju5c7oijaqmq09878qwgqv8n.jpg,547,546,3,40746,298662,13.6428,Medium,False
cju5ca9hcatkc0801jzwe7tfx.jpg,Data/Kvasir-SEG/images/cju5ca9hcatkc0801jzwe7tfx.jpg,Data/Kvasir-SEG/masks/cju5ca9hcatkc0801jzwe7tfx.jpg,626,546,3,54044,341796,15.8118,Medium,False
cju5ccpvqash50850kb4bs22k.jpg,Data/Kvasir-SEG/images/cju5ccpvqash50850kb4bs22k.jpg,Data/Kvasir-SEG/masks/cju5ccpvqash50850kb4bs22k.jpg,592,482,3,45887,285344,16.0813,Medium,False
cju5cetivauok0987ok3e5bre.jpg,Data/Kvasir-SEG/images/cju5cetivauok0987ok3e5bre.jpg,Data/Kvasir-SEG/masks/cju5cetivauok0987ok3e5bre.jpg,623,529,3,45077,329567,13.6776,Medium,False
cju5chrxxawka0871qcj171yz.jpg,Data/Kvasir-SEG/images/cju5chrxxawka0871qcj171yz.jpg,Data/Kvasir-SEG/masks/cju5chrxxawka0871qcj171yz.jpg,601,528,3,48287,317328,15.2167,Medium,False
cju5cjh3xattc0817j2vbulzi.jpg,Data/Kvasir-SEG/images/cju5cjh3xattc0817j2vbulzi.jpg,Data/Kvasir-SEG/masks/cju5cjh3xattc0817j2vbulzi.jpg,617,528,3,21113,325776,6.4808,Medium,False
cju5cky5xb0ay0801oxet697t.jpg,Data/Kvasir-SEG/images/cju5cky5xb0ay0801oxet697t.jpg,Data/Kvasir-SEG/masks/cju5cky5xb0ay0801oxet697t.jpg,622,528,3,17920,328416,5.4565,Medium,False
cju5clr68b48r0755cmuvponm.jpg,Data/Kvasir-SEG/images/cju5clr68b48r0755cmuvponm.jpg,Data/Kvasir-SEG/masks/cju5clr68b48r0755cmuvponm.jpg,601,526,3,27061,316126,8.5602,Medium,False
cju5cu8qkb84x08186jwo8yin.jpg,Data/Kvasir-SEG/images/cju5cu8qkb84x08186jwo8yin.jpg,Data/Kvasir-SEG/masks/cju5cu8qkb84x08186jwo8yin.jpg,622,530,3,13186,329660,3.9999,Small,False
cju5ddda9bkkt0850enzwatb1.jpg,Data/Kvasir-SEG/images/cju5ddda9bkkt0850enzwatb1.jpg,Data/Kvasir-SEG/masks/cju5ddda9bkkt0850enzwatb1.jpg,618,530,3,11238,327540,3.431,Small,False
cju5eftctcdbj08712gdp989f.jpg,Data/Kvasir-SEG/images/cju5eftctcdbj08712gdp989f.jpg,Data/Kvasir-SEG/masks/cju5eftctcdbj08712gdp989f.jpg,605,530,3,85819,320650,26.7641,Large,False
cju5ekty5ckzf07550c9u3ckk.jpg,Data/Kvasir-SEG/images/cju5ekty5ckzf07550c9u3ckk.jpg,Data/Kvasir-SEG/masks/cju5ekty5ckzf07550c9u3ckk.jpg,625,546,3,51122,341250,14.9808,Medium,False
cju5enq1tcn1i0755hnkon787.jpg,Data/Kvasir-SEG/images/cju5enq1tcn1i0755hnkon787.jpg,Data/Kvasir-SEG/masks/cju5enq1tcn1i0755hnkon787.jpg,626,547,3,49563,342422,14.4742,Medium,False
cju5eq8c8ck690850vix98hv3.jpg,Data/Kvasir-SEG/images/cju5eq8c8ck690850vix98hv3.jpg,Data/Kvasir-SEG/masks/cju5eq8c8ck690850vix98hv3.jpg,622,530,3,101913,329660,30.9146,Large,False
cju5es375cnzy0801nkq35ffs.jpg,Data/Kvasir-SEG/images/cju5es375cnzy0801nkq35ffs.jpg,Data/Kvasir-SEG/masks/cju5es375cnzy0801nkq35ffs.jpg,621,528,3,21242,327888,6.4784,Medium,False
cju5ew4h9cqaf0818rrczkmqh.jpg,Data/Kvasir-SEG/images/cju5ew4h9cqaf0818rrczkmqh.jpg,Data/Kvasir-SEG/masks/cju5ew4h9cqaf0818rrczkmqh.jpg,570,530,3,73248,302100,24.2463,Large,False
cju5eyfe9cpk90987laa7tsl3.jpg,Data/Kvasir-SEG/images/cju5eyfe9cpk90987laa7tsl3.jpg,Data/Kvasir-SEG/masks/cju5eyfe9cpk90987laa7tsl3.jpg,622,530,3,89862,329660,27.259,Large,False
cju5f0dezct4q08183ydw11dx.jpg,Data/Kvasir-SEG/images/cju5f0dezct4q08183ydw11dx.jpg,Data/Kvasir-SEG/masks/cju5f0dezct4q08183ydw11dx.jpg,626,546,3,34661,341796,10.1408,Medium,False
cju5f26ebcuai0818xlwh6116.jpg,Data/Kvasir-SEG/images/cju5f26ebcuai0818xlwh6116.jpg,Data/Kvasir-SEG/masks/cju5f26ebcuai0818xlwh6116.jpg,598,546,3,25602,326508,7.8412,Medium,False
cju5f8hxdcxxn08188obby0ea.jpg,Data/Kvasir-SEG/images/cju5f8hxdcxxn08188obby0ea.jpg,Data/Kvasir-SEG/masks/cju5f8hxdcxxn08188obby0ea.jpg,615,520,3,41478,319800,12.97,Medium,False
cju5fb86jd1jp0755b1ukbhq5.jpg,Data/Kvasir-SEG/images/cju5fb86jd1jp0755b1ukbhq5.jpg,Data/Kvasir-SEG/masks/cju5fb86jd1jp0755b1ukbhq5.jpg,560,424,3,69531,237440,29.2836,Large,False
cju5fi0yxd3ei0801v7u0yudn.jpg,Data/Kvasir-SEG/images/cju5fi0yxd3ei0801v7u0yudn.jpg,Data/Kvasir-SEG/masks/cju5fi0yxd3ei0801v7u0yudn.jpg,626,547,3,7099,342422,2.0732,Small,False
cju5fs6j6d8350801vglraq4u.jpg,Data/Kvasir-SEG/images/cju5fs6j6d8350801vglraq4u.jpg,Data/Kvasir-SEG/masks/cju5fs6j6d8350801vglraq4u.jpg,626,547,3,77827,342422,22.7284,Large,False
cju5ft6mcd5q40987rhjgbrr6.jpg,Data/Kvasir-SEG/images/cju5ft6mcd5q40987rhjgbrr6.jpg,Data/Kvasir-SEG/masks/cju5ft6mcd5q40987rhjgbrr6.jpg,622,530,3,43833,329660,13.2964,Medium,False
cju5fu081d8gc0818l3yylujk.jpg,Data/Kvasir-SEG/images/cju5fu081d8gc0818l3yylujk.jpg,Data/Kvasir-SEG/masks/cju5fu081d8gc0818l3yylujk.jpg,570,531,3,16868,302670,5.5731,Medium,False
cju5fw37edaae0801vkwvocn7.jpg,Data/Kvasir-SEG/images/cju5fw37edaae0801vkwvocn7.jpg,Data/Kvasir-SEG/masks/cju5fw37edaae0801vkwvocn7.jpg,559,530,3,27421,296270,9.2554,Medium,False
cju5fydrud94708507vo6oy21.jpg,Data/Kvasir-SEG/images/cju5fydrud94708507vo6oy21.jpg,Data/Kvasir-SEG/masks/cju5fydrud94708507vo6oy21.jpg,626,546,3,115934,341796,33.9191,Large,False
cju5g163vd6mt0817uccuga6u.jpg,Data/Kvasir-SEG/images/cju5g163vd6mt0817uccuga6u.jpg,Data/Kvasir-SEG/masks/cju5g163vd6mt0817uccuga6u.jpg,545,547,3,13860,298115,4.6492,Small,False
cju5gucasds9d0801019axylx.jpg,Data/Kvasir-SEG/images/cju5gucasds9d0801019axylx.jpg,Data/Kvasir-SEG/masks/cju5gucasds9d0801019axylx.jpg,626,546,3,7141,341796,2.0893,Small,False
cju5h57xedz5h0755mjpc8694.jpg,Data/Kvasir-SEG/images/cju5h57xedz5h0755mjpc8694.jpg,Data/Kvasir-SEG/masks/cju5h57xedz5h0755mjpc8694.jpg,622,528,3,125286,328416,38.1486,Large,False
cju5hi52odyf90817prvcwg45.jpg,Data/Kvasir-SEG/images/cju5hi52odyf90817prvcwg45.jpg,Data/Kvasir-SEG/masks/cju5hi52odyf90817prvcwg45.jpg,568,352,3,42496,199936,21.2548,Large,False
cju5hjxaae3i40850h5z2laf5.jpg,Data/Kvasir-SEG/images/cju5hjxaae3i40850h5z2laf5.jpg,Data/Kvasir-SEG/masks/cju5hjxaae3i40850h5z2laf5.jpg,622,530,3,54219,329660,16.4469,Medium,False
cju5hl8nee8a40755fm8qjj0o.jpg,Data/Kvasir-SEG/images/cju5hl8nee8a40755fm8qjj0o.jpg,Data/Kvasir-SEG/masks/cju5hl8nee8a40755fm8qjj0o.jpg,617,531,3,16203,327627,4.9456,Small,False
cju5hqz50e7o90850e0prlpa0.jpg,Data/Kvasir-SEG/images/cju5hqz50e7o90850e0prlpa0.jpg,Data/Kvasir-SEG/masks/cju5hqz50e7o90850e0prlpa0.jpg,595,528,3,64658,314160,20.5812,Large,False
cju5ht88gedbu0755xrcuddcx.jpg,Data/Kvasir-SEG/images/cju5ht88gedbu0755xrcuddcx.jpg,Data/Kvasir-SEG/masks/cju5ht88gedbu0755xrcuddcx.jpg,619,547,3,67254,338593,19.8628,Medium,False
cju5huurrecm70801y680y13m.jpg,Data/Kvasir-SEG/images/cju5huurrecm70801y680y13m.jpg,Data/Kvasir-SEG/masks/cju5huurrecm70801y680y13m.jpg,603,520,3,33637,313560,10.7275,Medium,False
cju5hwonqedw10801vsd3w6kk.jpg,Data/Kvasir-SEG/images/cju5hwonqedw10801vsd3w6kk.jpg,Data/Kvasir-SEG/masks/cju5hwonqedw10801vsd3w6kk.jpg,529,531,3,31714,280899,11.2902,Medium,False
cju5hyi9yegob0755ho3do8en.jpg,Data/Kvasir-SEG/images/cju5hyi9yegob0755ho3do8en.jpg,Data/Kvasir-SEG/masks/cju5hyi9yegob0755ho3do8en.jpg,623,529,3,29192,329567,8.8577,Medium,False
cju5i39mreass0817au8p22zy.jpg,Data/Kvasir-SEG/images/cju5i39mreass0817au8p22zy.jpg,Data/Kvasir-SEG/masks/cju5i39mreass0817au8p22zy.jpg,623,546,3,64104,340158,18.8454,Medium,False
cju5i5oh2efg60987ez6cpf72.jpg,Data/Kvasir-SEG/images/cju5i5oh2efg60987ez6cpf72.jpg,Data/Kvasir-SEG/masks/cju5i5oh2efg60987ez6cpf72.jpg,621,528,3,96436,327888,29.4113,Large,False
cju5jx7jzf7c90871c2i9aiov.jpg,Data/Kvasir-SEG/images/cju5jx7jzf7c90871c2i9aiov.jpg,Data/Kvasir-SEG/masks/cju5jx7jzf7c90871c2i9aiov.jpg,622,528,3,56788,328416,17.2915,Medium,False
cju5jz5fff8c50871hbe6108f.jpg,Data/Kvasir-SEG/images/cju5jz5fff8c50871hbe6108f.jpg,Data/Kvasir-SEG/masks/cju5jz5fff8c50871hbe6108f.jpg,552,530,3,41661,292560,14.2402,Medium,False
cju5k3j3uf6de0817hszzfr7n.jpg,Data/Kvasir-SEG/images/cju5k3j3uf6de0817hszzfr7n.jpg,Data/Kvasir-SEG/masks/cju5k3j3uf6de0817hszzfr7n.jpg,547,530,3,10315,289910,3.558,Small,False
cju5k503sfa5f0871lx0rpu5y.jpg,Data/Kvasir-SEG/images/cju5k503sfa5f0871lx0rpu5y.jpg,Data/Kvasir-SEG/masks/cju5k503sfa5f0871lx0rpu5y.jpg,622,529,3,51311,329038,15.5942,Medium,False
cju5k7r0yf98c09878csbxb4d.jpg,Data/Kvasir-SEG/images/cju5k7r0yf98c09878csbxb4d.jpg,Data/Kvasir-SEG/masks/cju5k7r0yf98c09878csbxb4d.jpg,622,528,3,6310,328416,1.9213,Small,False
cju5klveuff6w0871wbibgh3m.jpg,Data/Kvasir-SEG/images/cju5klveuff6w0871wbibgh3m.jpg,Data/Kvasir-SEG/masks/cju5klveuff6w0871wbibgh3m.jpg,574,530,3,11522,304220,3.7874,Small,False
cju5knbbqfipk080128cggukq.jpg,Data/Kvasir-SEG/images/cju5knbbqfipk080128cggukq.jpg,Data/Kvasir-SEG/masks/cju5knbbqfipk080128cggukq.jpg,597,529,3,128734,315813,40.7627,Large,False
cju5kre09fhka0850h7b1898j.jpg,Data/Kvasir-SEG/images/cju5kre09fhka0850h7b1898j.jpg,Data/Kvasir-SEG/masks/cju5kre09fhka0850h7b1898j.jpg,618,528,3,18812,326304,5.7652,Medium,False
cju5ktjwofed70817eg58ef7u.jpg,Data/Kvasir-SEG/images/cju5ktjwofed70817eg58ef7u.jpg,Data/Kvasir-SEG/masks/cju5ktjwofed70817eg58ef7u.jpg,625,547,3,36489,341875,10.6732,Medium,False
cju5nxkujgscq0817l9gss626.jpg,Data/Kvasir-SEG/images/cju5nxkujgscq0817l9gss626.jpg,Data/Kvasir-SEG/masks/cju5nxkujgscq0817l9gss626.jpg,570,531,3,48500,302670,16.0241,Medium,False
cju5nyu31gv8e0871zpk74a2n.jpg,Data/Kvasir-SEG/images/cju5nyu31gv8e0871zpk74a2n.jpg,Data/Kvasir-SEG/masks/cju5nyu31gv8e0871zpk74a2n.jpg,616,529,3,15840,325864,4.8609,Small,False
cju5o1vu9gz8a0818eyy92bns.jpg,Data/Kvasir-SEG/images/cju5o1vu9gz8a0818eyy92bns.jpg,Data/Kvasir-SEG/masks/cju5o1vu9gz8a0818eyy92bns.jpg,421,547,3,41143,230287,17.866,Medium,False
cju5o4pk9h0720755lgp9jq8m.jpg,Data/Kvasir-SEG/images/cju5o4pk9h0720755lgp9jq8m.jpg,Data/Kvasir-SEG/masks/cju5o4pk9h0720755lgp9jq8m.jpg,622,530,3,80180,329660,24.322,Large,False
cju5tenjojp1j0755ms4949h2.jpg,Data/Kvasir-SEG/images/cju5tenjojp1j0755ms4949h2.jpg,Data/Kvasir-SEG/masks/cju5tenjojp1j0755ms4949h2.jpg,570,531,3,59836,302670,19.7694,Medium,False
cju5tgbzhjllu08174ca41eus.jpg,Data/Kvasir-SEG/images/cju5tgbzhjllu08174ca41eus.jpg,Data/Kvasir-SEG/masks/cju5tgbzhjllu08174ca41eus.jpg,622,531,3,31254,330282,9.4628,Medium,False
cju5thdbrjp1108715xdfx356.jpg,Data/Kvasir-SEG/images/cju5thdbrjp1108715xdfx356.jpg,Data/Kvasir-SEG/masks/cju5thdbrjp1108715xdfx356.jpg,622,530,3,7860,329660,2.3843,Small,False
cju5u4pywk81x0817vn9pe14z.jpg,Data/Kvasir-SEG/images/cju5u4pywk81x0817vn9pe14z.jpg,Data/Kvasir-SEG/masks/cju5u4pywk81x0817vn9pe14z.jpg,570,531,3,12388,302670,4.0929,Small,False
cju5u6wf0kh1t0755bg1ssixv.jpg,Data/Kvasir-SEG/images/cju5u6wf0kh1t0755bg1ssixv.jpg,Data/Kvasir-SEG/masks/cju5u6wf0kh1t0755bg1ssixv.jpg,571,530,3,121662,302630,40.2016,Large,False
cju5u8gz4kj5b07552e2wpkwp.jpg,Data/Kvasir-SEG/images/cju5u8gz4kj5b07552e2wpkwp.jpg,Data/Kvasir-SEG/masks/cju5u8gz4kj5b07552e2wpkwp.jpg,571,531,3,79136,303201,26.1002,Large,False
cju5udcufki0s09874ll1dbr5.jpg,Data/Kvasir-SEG/images/cju5udcufki0s09874ll1dbr5.jpg,Data/Kvasir-SEG/masks/cju5udcufki0s09874ll1dbr5.jpg,570,531,3,54889,302670,18.1349,Medium,False
cju5ufn3skquf0818dhapnhba.jpg,Data/Kvasir-SEG/images/cju5ufn3skquf0818dhapnhba.jpg,Data/Kvasir-SEG/masks/cju5ufn3skquf0818dhapnhba.jpg,570,530,3,11429,302100,3.7832,Small,False
cju5uget8krjy0818kvywd0zu.jpg,Data/Kvasir-SEG/images/cju5uget8krjy0818kvywd0zu.jpg,Data/Kvasir-SEG/masks/cju5uget8krjy0818kvywd0zu.jpg,608,529,3,12005,321632,3.7325,Small,False
cju5uhrdwkmsu0817ervv91l8.jpg,Data/Kvasir-SEG/images/cju5uhrdwkmsu0817ervv91l8.jpg,Data/Kvasir-SEG/masks/cju5uhrdwkmsu0817ervv91l8.jpg,626,547,3,5987,342422,1.7484,Small,False
cju5ukkg6kv7u08011x2b6zl5.jpg,Data/Kvasir-SEG/images/cju5ukkg6kv7u08011x2b6zl5.jpg,Data/Kvasir-SEG/masks/cju5ukkg6kv7u08011x2b6zl5.jpg,622,510,3,51726,317220,16.306,Medium,False
cju5uxjnol2r509871qv2yeia.jpg,Data/Kvasir-SEG/images/cju5uxjnol2r509871qv2yeia.jpg,Data/Kvasir-SEG/masks/cju5uxjnol2r509871qv2yeia.jpg,620,531,3,20267,329220,6.1561,Medium,False
cju5uzmaol56l0817flxh4w9p.jpg,Data/Kvasir-SEG/images/cju5uzmaol56l0817flxh4w9p.jpg,Data/Kvasir-SEG/masks/cju5uzmaol56l0817flxh4w9p.jpg,623,529,3,11721,329567,3.5565,Small,False
cju5v8pgplg6k0755rvi2t63h.jpg,Data/Kvasir-SEG/images/cju5v8pgplg6k0755rvi2t63h.jpg,Data/Kvasir-SEG/masks/cju5v8pgplg6k0755rvi2t63h.jpg,570,530,3,13141,302100,4.3499,Small,False
cju5vbo6jldrt0871jf6f1700.jpg,Data/Kvasir-SEG/images/cju5vbo6jldrt0871jf6f1700.jpg,Data/Kvasir-SEG/masks/cju5vbo6jldrt0871jf6f1700.jpg,619,530,3,23979,328070,7.3091,Medium,False
cju5vcmrqla7i0817x4sp4pqw.jpg,Data/Kvasir-SEG/images/cju5vcmrqla7i0817x4sp4pqw.jpg,Data/Kvasir-SEG/masks/cju5vcmrqla7i0817x4sp4pqw.jpg,612,482,3,19547,294984,6.6265,Medium,False
cju5vgawslbe30987ndeepc1b.jpg,Data/Kvasir-SEG/images/cju5vgawslbe30987ndeepc1b.jpg,Data/Kvasir-SEG/masks/cju5vgawslbe30987ndeepc1b.jpg,622,530,3,102054,329660,30.9573,Large,False
cju5vi4nxlc530817uoqm2m7a.jpg,Data/Kvasir-SEG/images/cju5vi4nxlc530817uoqm2m7a.jpg,Data/Kvasir-SEG/masks/cju5vi4nxlc530817uoqm2m7a.jpg,619,530,3,74552,328070,22.7244,Large,False
cju5von04litr08718j8po40a.jpg,Data/Kvasir-SEG/images/cju5von04litr08718j8po40a.jpg,Data/Kvasir-SEG/masks/cju5von04litr08718j8po40a.jpg,622,530,3,19347,329660,5.8688,Medium,False
cju5vutu7ll8w0871dfp92n9p.jpg,Data/Kvasir-SEG/images/cju5vutu7ll8w0871dfp92n9p.jpg,Data/Kvasir-SEG/masks/cju5vutu7ll8w0871dfp92n9p.jpg,605,528,3,50838,319440,15.9147,Medium,False
cju5vwbr4lhqn0987a1pji0ux.jpg,Data/Kvasir-SEG/images/cju5vwbr4lhqn0987a1pji0ux.jpg,Data/Kvasir-SEG/masks/cju5vwbr4lhqn0987a1pji0ux.jpg,570,530,3,15598,302100,5.1632,Medium,False
cju5vxuc5loxw0818u8xgf45p.jpg,Data/Kvasir-SEG/images/cju5vxuc5loxw0818u8xgf45p.jpg,Data/Kvasir-SEG/masks/cju5vxuc5loxw0818u8xgf45p.jpg,626,546,3,36151,341796,10.5768,Medium,False
cju5vzjoslpj708186z2fusmz.jpg,Data/Kvasir-SEG/images/cju5vzjoslpj708186z2fusmz.jpg,Data/Kvasir-SEG/masks/cju5vzjoslpj708186z2fusmz.jpg,622,496,3,16080,308512,5.2121,Medium,False
cju5w7xn0lrkq0801f9k0htgx.jpg,Data/Kvasir-SEG/images/cju5w7xn0lrkq0801f9k0htgx.jpg,Data/Kvasir-SEG/masks/cju5w7xn0lrkq0801f9k0htgx.jpg,622,530,3,30889,329660,9.37,Medium,False
cju5waeduln160817w0agirve.jpg,Data/Kvasir-SEG/images/cju5waeduln160817w0agirve.jpg,Data/Kvasir-SEG/masks/cju5waeduln160817w0agirve.jpg,540,528,3,25428,285120,8.9184,Medium,False
cju5wcc90lu020850mjrxppv6.jpg,Data/Kvasir-SEG/images/cju5wcc90lu020850mjrxppv6.jpg,Data/Kvasir-SEG/masks/cju5wcc90lu020850mjrxppv6.jpg,626,547,3,36008,342422,10.5157,Medium,False
cju5wi6bqlxy90755bu227nvb.jpg,Data/Kvasir-SEG/images/cju5wi6bqlxy90755bu227nvb.jpg,Data/Kvasir-SEG/masks/cju5wi6bqlxy90755bu227nvb.jpg,622,530,3,29375,329660,8.9107,Medium,False
cju5wj0faly5008187n6530af.jpg,Data/Kvasir-SEG/images/cju5wj0faly5008187n6530af.jpg,Data/Kvasir-SEG/masks/cju5wj0faly5008187n6530af.jpg,570,530,3,26456,302100,8.7574,Medium,False
cju5wkonqlrl409877y8zvnub.jpg,Data/Kvasir-SEG/images/cju5wkonqlrl409877y8zvnub.jpg,Data/Kvasir-SEG/masks/cju5wkonqlrl409877y8zvnub.jpg,627,547,3,57867,342969,16.8724,Medium,False
cju5wmvsdlx1j0871npgj8j4b.jpg,Data/Kvasir-SEG/images/cju5wmvsdlx1j0871npgj8j4b.jpg,Data/Kvasir-SEG/masks/cju5wmvsdlx1j0871npgj8j4b.jpg,616,530,3,12522,326480,3.8355,Small,False
cju5woy82m07m08505dmjg7g1.jpg,Data/Kvasir-SEG/images/cju5woy82m07m08505dmjg7g1.jpg,Data/Kvasir-SEG/masks/cju5woy82m07m08505dmjg7g1.jpg,1348,1070,3,239416,1442360,16.5989,Medium,False
cju5wphwwlu3m0987hh3ltg88.jpg,Data/Kvasir-SEG/images/cju5wphwwlu3m0987hh3ltg88.jpg,Data/Kvasir-SEG/masks/cju5wphwwlu3m0987hh3ltg88.jpg,618,531,3,14238,328158,4.3388,Small,False
cju5wqonpm0e60801z88ewmy1.jpg,Data/Kvasir-SEG/images/cju5wqonpm0e60801z88ewmy1.jpg,Data/Kvasir-SEG/masks/cju5wqonpm0e60801z88ewmy1.jpg,622,528,3,14442,328416,4.3975,Small,False
cju5wrapcm2290818jsh26ppb.jpg,Data/Kvasir-SEG/images/cju5wrapcm2290818jsh26ppb.jpg,Data/Kvasir-SEG/masks/cju5wrapcm2290818jsh26ppb.jpg,622,528,3,32114,328416,9.7785,Medium,False
cju5wrrs0m2af0818vmnajbtw.jpg,Data/Kvasir-SEG/images/cju5wrrs0m2af0818vmnajbtw.jpg,Data/Kvasir-SEG/masks/cju5wrrs0m2af0818vmnajbtw.jpg,626,547,3,7766,342422,2.268,Small,False
cju5wtdu4m0im0871mix0yvc0.jpg,Data/Kvasir-SEG/images/cju5wtdu4m0im0871mix0yvc0.jpg,Data/Kvasir-SEG/masks/cju5wtdu4m0im0871mix0yvc0.jpg,610,509,3,31005,310490,9.9858,Medium,False
cju5wuhm1lwm40987vugqn3vv.jpg,Data/Kvasir-SEG/images/cju5wuhm1lwm40987vugqn3vv.jpg,Data/Kvasir-SEG/masks/cju5wuhm1lwm40987vugqn3vv.jpg,613,530,3,28308,324890,8.7131,Medium,False
cju5x00l6m5j608503k78ptee.jpg,Data/Kvasir-SEG/images/cju5x00l6m5j608503k78ptee.jpg,Data/Kvasir-SEG/masks/cju5x00l6m5j608503k78ptee.jpg,554,529,3,114446,293066,39.0513,Large,False
cju5x15djm7ae0755h8czf6nt.jpg,Data/Kvasir-SEG/images/cju5x15djm7ae0755h8czf6nt.jpg,Data/Kvasir-SEG/masks/cju5x15djm7ae0755h8czf6nt.jpg,622,531,3,31166,330282,9.4362,Medium,False
cju5x28nzm7t907558ocq4bt7.jpg,Data/Kvasir-SEG/images/cju5x28nzm7t907558ocq4bt7.jpg,Data/Kvasir-SEG/masks/cju5x28nzm7t907558ocq4bt7.jpg,597,546,3,45160,325962,13.8544,Medium,False
cju5x7iskmad90818frchyfwd.jpg,Data/Kvasir-SEG/images/cju5x7iskmad90818frchyfwd.jpg,Data/Kvasir-SEG/masks/cju5x7iskmad90818frchyfwd.jpg,522,483,3,43580,252126,17.285,Medium,False
cju5xjn5mm78b09871spyqhhr.jpg,Data/Kvasir-SEG/images/cju5xjn5mm78b09871spyqhhr.jpg,Data/Kvasir-SEG/masks/cju5xjn5mm78b09871spyqhhr.jpg,622,528,3,54113,328416,16.477,Medium,False
cju5xkwzxmf0z0818gk4xabdm.jpg,Data/Kvasir-SEG/images/cju5xkwzxmf0z0818gk4xabdm.jpg,Data/Kvasir-SEG/masks/cju5xkwzxmf0z0818gk4xabdm.jpg,609,505,3,52700,307545,17.1357,Medium,False
cju5xneamme2p0801qdf7fdwv.jpg,Data/Kvasir-SEG/images/cju5xneamme2p0801qdf7fdwv.jpg,Data/Kvasir-SEG/masks/cju5xneamme2p0801qdf7fdwv.jpg,622,527,3,17832,327794,5.44,Medium,False
cju5xopi0md7q0871r1sjc1av.jpg,Data/Kvasir-SEG/images/cju5xopi0md7q0871r1sjc1av.jpg,Data/Kvasir-SEG/masks/cju5xopi0md7q0871r1sjc1av.jpg,568,546,3,33872,310128,10.9219,Medium,False
cju5xq3tdm9fn0987pbedxdg5.jpg,Data/Kvasir-SEG/images/cju5xq3tdm9fn0987pbedxdg5.jpg,Data/Kvasir-SEG/masks/cju5xq3tdm9fn0987pbedxdg5.jpg,570,529,3,10785,301530,3.5768,Small,False
cju5y4hgqmk0i08180rjhbwvp.jpg,Data/Kvasir-SEG/images/cju5y4hgqmk0i08180rjhbwvp.jpg,Data/Kvasir-SEG/masks/cju5y4hgqmk0i08180rjhbwvp.jpg,626,547,3,43968,342422,12.8403,Medium,False
cju5y7buemcw80987p0r30g9f.jpg,Data/Kvasir-SEG/images/cju5y7buemcw80987p0r30g9f.jpg,Data/Kvasir-SEG/masks/cju5y7buemcw80987p0r30g9f.jpg,589,530,3,45548,312170,14.5908,Medium,False
cju5y84q3mdv50817eyp82xf3.jpg,Data/Kvasir-SEG/images/cju5y84q3mdv50817eyp82xf3.jpg,Data/Kvasir-SEG/masks/cju5y84q3mdv50817eyp82xf3.jpg,611,530,3,11354,323830,3.5062,Small,False
cju5yclrymlgj0818k426ud6z.jpg,Data/Kvasir-SEG/images/cju5yclrymlgj0818k426ud6z.jpg,Data/Kvasir-SEG/masks/cju5yclrymlgj0818k426ud6z.jpg,622,529,3,27610,329038,8.3911,Medium,False
cju5yeqiwmkgl0801fzv2douc.jpg,Data/Kvasir-SEG/images/cju5yeqiwmkgl0801fzv2douc.jpg,Data/Kvasir-SEG/masks/cju5yeqiwmkgl0801fzv2douc.jpg,570,531,3,62618,302670,20.6885,Large,False
cju5ygh1zmmdi0755uod5e17i.jpg,Data/Kvasir-SEG/images/cju5ygh1zmmdi0755uod5e17i.jpg,Data/Kvasir-SEG/masks/cju5ygh1zmmdi0755uod5e17i.jpg,570,530,3,41353,302100,13.6885,Medium,False
cju5yhgznmkzb0801cji2vi8j.jpg,Data/Kvasir-SEG/images/cju5yhgznmkzb0801cji2vi8j.jpg,Data/Kvasir-SEG/masks/cju5yhgznmkzb0801cji2vi8j.jpg,568,529,3,8682,300472,2.8895,Small,False
cju5yimthmlv80850zhoc90c2.jpg,Data/Kvasir-SEG/images/cju5yimthmlv80850zhoc90c2.jpg,Data/Kvasir-SEG/masks/cju5yimthmlv80850zhoc90c2.jpg,590,528,3,16192,311520,5.1977,Medium,False
cju5yjq1pmlgc0801z0t24bly.jpg,Data/Kvasir-SEG/images/cju5yjq1pmlgc0801z0t24bly.jpg,Data/Kvasir-SEG/masks/cju5yjq1pmlgc0801z0t24bly.jpg,570,530,3,37571,302100,12.4366,Medium,False
cju5ymyd8mmdc0801ry3by1xr.jpg,Data/Kvasir-SEG/images/cju5ymyd8mmdc0801ry3by1xr.jpg,Data/Kvasir-SEG/masks/cju5ymyd8mmdc0801ry3by1xr.jpg,622,528,3,11270,328416,3.4316,Small,False
cju6ur9l9v9jq0755paud9uka.jpg,Data/Kvasir-SEG/images/cju6ur9l9v9jq0755paud9uka.jpg,Data/Kvasir-SEG/masks/cju6ur9l9v9jq0755paud9uka.jpg,561,529,3,8853,296769,2.9831,Small,False
cju6us80mv1b50871ebyq2wxa.jpg,Data/Kvasir-SEG/images/cju6us80mv1b50871ebyq2wxa.jpg,Data/Kvasir-SEG/masks/cju6us80mv1b50871ebyq2wxa.jpg,562,530,3,3869,297860,1.2989,Small,False
cju6ut4l8va6y0755tyw3vfqq.jpg,Data/Kvasir-SEG/images/cju6ut4l8va6y0755tyw3vfqq.jpg,Data/Kvasir-SEG/masks/cju6ut4l8va6y0755tyw3vfqq.jpg,605,529,3,8321,320045,2.5999,Small,False
cju6uy20suzbl0987rzuhz7z9.jpg,Data/Kvasir-SEG/images/cju6uy20suzbl0987rzuhz7z9.jpg,Data/Kvasir-SEG/masks/cju6uy20suzbl0987rzuhz7z9.jpg,626,546,3,59189,341796,17.3171,Medium,False
cju6uzxk0v83p0801rcwnexdu.jpg,Data/Kvasir-SEG/images/cju6uzxk0v83p0801rcwnexdu.jpg,Data/Kvasir-SEG/masks/cju6uzxk0v83p0801rcwnexdu.jpg,626,547,3,101529,342422,29.6503,Large,False
cju6v1m1xv07w09870ah3njy1.jpg,Data/Kvasir-SEG/images/cju6v1m1xv07w09870ah3njy1.jpg,Data/Kvasir-SEG/masks/cju6v1m1xv07w09870ah3njy1.jpg,565,530,3,18175,299450,6.0695,Medium,False
cju6v3bb2v7xo085090blubyw.jpg,Data/Kvasir-SEG/images/cju6v3bb2v7xo085090blubyw.jpg,Data/Kvasir-SEG/masks/cju6v3bb2v7xo085090blubyw.jpg,626,547,3,40407,342422,11.8004,Medium,False
cju6v4szov55u0871qmqz3v8n.jpg,Data/Kvasir-SEG/images/cju6v4szov55u0871qmqz3v8n.jpg,Data/Kvasir-SEG/masks/cju6v4szov55u0871qmqz3v8n.jpg,370,523,3,83130,193510,42.959,Large,False
cju6v5ilsv8hk0850rb5sgh6o.jpg,Data/Kvasir-SEG/images/cju6v5ilsv8hk0850rb5sgh6o.jpg,Data/Kvasir-SEG/masks/cju6v5ilsv8hk0850rb5sgh6o.jpg,622,530,3,9997,329660,3.0325,Small,False
cju6v6g6kvdw007552x6mb0po.jpg,Data/Kvasir-SEG/images/cju6v6g6kvdw007552x6mb0po.jpg,Data/Kvasir-SEG/masks/cju6v6g6kvdw007552x6mb0po.jpg,570,530,3,43930,302100,14.5415,Medium,False
cju6vgdmivcvb08018fra5lnv.jpg,Data/Kvasir-SEG/images/cju6vgdmivcvb08018fra5lnv.jpg,Data/Kvasir-SEG/masks/cju6vgdmivcvb08018fra5lnv.jpg,571,529,3,48891,302059,16.1859,Medium,False
cju6vifjlv55z0987un6y4zdo.jpg,Data/Kvasir-SEG/images/cju6vifjlv55z0987un6y4zdo.jpg,Data/Kvasir-SEG/masks/cju6vifjlv55z0987un6y4zdo.jpg,622,529,3,202297,329038,61.4813,Large,False
cju6vqarjv7yo0987q4b1btk1.jpg,Data/Kvasir-SEG/images/cju6vqarjv7yo0987q4b1btk1.jpg,Data/Kvasir-SEG/masks/cju6vqarjv7yo0987q4b1btk1.jpg,584,529,3,35165,308936,11.3826,Medium,False
cju6vrs1ov8cr098788h8gs6j.jpg,Data/Kvasir-SEG/images/cju6vrs1ov8cr098788h8gs6j.jpg,Data/Kvasir-SEG/masks/cju6vrs1ov8cr098788h8gs6j.jpg,621,529,3,16722,328509,5.0903,Medium,False
cju6vta3kvazg0817qbeppjtm.jpg,Data/Kvasir-SEG/images/cju6vta3kvazg0817qbeppjtm.jpg,Data/Kvasir-SEG/masks/cju6vta3kvazg0817qbeppjtm.jpg,622,528,3,77294,328416,23.5354,Large,False
cju6vucxvvlda0755j7msqnya.jpg,Data/Kvasir-SEG/images/cju6vucxvvlda0755j7msqnya.jpg,Data/Kvasir-SEG/masks/cju6vucxvvlda0755j7msqnya.jpg,626,546,3,15278,341796,4.4699,Small,False
cju6vvb8svhed0801jjcquh5e.jpg,Data/Kvasir-SEG/images/cju6vvb8svhed0801jjcquh5e.jpg,Data/Kvasir-SEG/masks/cju6vvb8svhed0801jjcquh5e.jpg,604,530,3,4841,320120,1.5122,Small,False
cju6vvxsev9y30987kespucdg.jpg,Data/Kvasir-SEG/images/cju6vvxsev9y30987kespucdg.jpg,Data/Kvasir-SEG/masks/cju6vvxsev9y30987kespucdg.jpg,620,475,3,22127,294500,7.5134,Medium,False
cju6w733bveoz0817e600tw72.jpg,Data/Kvasir-SEG/images/cju6w733bveoz0817e600tw72.jpg,Data/Kvasir-SEG/masks/cju6w733bveoz0817e600tw72.jpg,477,530,3,23934,252810,9.4672,Medium,False
cju6wi3akvn8r0801px8eligc.jpg,Data/Kvasir-SEG/images/cju6wi3akvn8r0801px8eligc.jpg,Data/Kvasir-SEG/masks/cju6wi3akvn8r0801px8eligc.jpg,494,530,3,160689,261820,61.3738,Large,False
cju6wjm81vgsc0987enk9n3pr.jpg,Data/Kvasir-SEG/images/cju6wjm81vgsc0987enk9n3pr.jpg,Data/Kvasir-SEG/masks/cju6wjm81vgsc0987enk9n3pr.jpg,623,528,3,86291,328944,26.2327,Large,False
cju6wll7wvo3y08502pagos8m.jpg,Data/Kvasir-SEG/images/cju6wll7wvo3y08502pagos8m.jpg,Data/Kvasir-SEG/masks/cju6wll7wvo3y08502pagos8m.jpg,568,497,3,62913,282296,22.2862,Large,False
cju6wn57mvooj0850rp78hhy7.jpg,Data/Kvasir-SEG/images/cju6wn57mvooj0850rp78hhy7.jpg,Data/Kvasir-SEG/masks/cju6wn57mvooj0850rp78hhy7.jpg,622,531,3,106186,330282,32.1501,Large,False
cju6wt9jvvn500871hjn3t3g0.jpg,Data/Kvasir-SEG/images/cju6wt9jvvn500871hjn3t3g0.jpg,Data/Kvasir-SEG/masks/cju6wt9jvvn500871hjn3t3g0.jpg,622,530,3,60644,329660,18.3959,Medium,False
cju6wuojavt740818b5qcv3iw.jpg,Data/Kvasir-SEG/images/cju6wuojavt740818b5qcv3iw.jpg,Data/Kvasir-SEG/masks/cju6wuojavt740818b5qcv3iw.jpg,599,530,3,85668,317470,26.9846,Large,False
cju6x0yqbvxqt0755dhxislgb.jpg,Data/Kvasir-SEG/images/cju6x0yqbvxqt0755dhxislgb.jpg,Data/Kvasir-SEG/masks/cju6x0yqbvxqt0755dhxislgb.jpg,622,530,3,44131,329660,13.3868,Medium,False
cju6x35ervu2808015c7eoqe4.jpg,Data/Kvasir-SEG/images/cju6x35ervu2808015c7eoqe4.jpg,Data/Kvasir-SEG/masks/cju6x35ervu2808015c7eoqe4.jpg,622,530,3,66223,329660,20.0883,Large,False
cju6x4t13vyw60755gtcf9ndu.jpg,Data/Kvasir-SEG/images/cju6x4t13vyw60755gtcf9ndu.jpg,Data/Kvasir-SEG/masks/cju6x4t13vyw60755gtcf9ndu.jpg,621,529,3,69473,328509,21.148,Large,False
cju6x97w4vwua0850x0997r0a.jpg,Data/Kvasir-SEG/images/cju6x97w4vwua0850x0997r0a.jpg,Data/Kvasir-SEG/masks/cju6x97w4vwua0850x0997r0a.jpg,626,547,3,26952,342422,7.871,Medium,False
cju6xa0qmvzun0818xjukgncj.jpg,Data/Kvasir-SEG/images/cju6xa0qmvzun0818xjukgncj.jpg,Data/Kvasir-SEG/masks/cju6xa0qmvzun0818xjukgncj.jpg,575,530,3,34738,304750,11.3989,Medium,False
cju6xifswvwbo0987nibtdr50.jpg,Data/Kvasir-SEG/images/cju6xifswvwbo0987nibtdr50.jpg,Data/Kvasir-SEG/masks/cju6xifswvwbo0987nibtdr50.jpg,618,531,3,111014,328158,33.8294,Large,False
cju6xlygpw7bs0818n691jsq4.jpg,Data/Kvasir-SEG/images/cju6xlygpw7bs0818n691jsq4.jpg,Data/Kvasir-SEG/masks/cju6xlygpw7bs0818n691jsq4.jpg,570,531,3,94233,302670,31.1339,Large,False
cju6xmqd9w0250817l5kxfnsk.jpg,Data/Kvasir-SEG/images/cju6xmqd9w0250817l5kxfnsk.jpg,Data/Kvasir-SEG/masks/cju6xmqd9w0250817l5kxfnsk.jpg,494,530,3,28792,261820,10.9969,Medium,False
cju6ywm40wdbo0987pbftsvtg.jpg,Data/Kvasir-SEG/images/cju6ywm40wdbo0987pbftsvtg.jpg,Data/Kvasir-SEG/masks/cju6ywm40wdbo0987pbftsvtg.jpg,622,528,3,48280,328416,14.7009,Medium,False
cju6yxyt0wh080871sqpepu47.jpg,Data/Kvasir-SEG/images/cju6yxyt0wh080871sqpepu47.jpg,Data/Kvasir-SEG/masks/cju6yxyt0wh080871sqpepu47.jpg,616,528,3,23195,325248,7.1315,Medium,False
cju6yywx1whbb0871ksgfgf9f.jpg,Data/Kvasir-SEG/images/cju6yywx1whbb0871ksgfgf9f.jpg,Data/Kvasir-SEG/masks/cju6yywx1whbb0871ksgfgf9f.jpg,622,530,3,27645,329660,8.3859,Medium,False
cju6z1bzbwfq50817b2alatvr.jpg,Data/Kvasir-SEG/images/cju6z1bzbwfq50817b2alatvr.jpg,Data/Kvasir-SEG/masks/cju6z1bzbwfq50817b2alatvr.jpg,626,547,3,145509,342422,42.4941,Large,False
cju6z2616wqbk07555bvnuyr1.jpg,Data/Kvasir-SEG/images/cju6z2616wqbk07555bvnuyr1.jpg,Data/Kvasir-SEG/masks/cju6z2616wqbk07555bvnuyr1.jpg,554,531,3,27616,294174,9.3876,Medium,False
cju6z600qwh4z081700qimgl9.jpg,Data/Kvasir-SEG/images/cju6z600qwh4z081700qimgl9.jpg,Data/Kvasir-SEG/masks/cju6z600qwh4z081700qimgl9.jpg,612,530,3,15486,324360,4.7743,Small,False
cju6z7e4bwgdd0987ogkzq9kt.jpg,Data/Kvasir-SEG/images/cju6z7e4bwgdd0987ogkzq9kt.jpg,Data/Kvasir-SEG/masks/cju6z7e4bwgdd0987ogkzq9kt.jpg,623,528,3,48469,328944,14.7347,Medium,False
cju6z9a9kwsl007552s49rx6i.jpg,Data/Kvasir-SEG/images/cju6z9a9kwsl007552s49rx6i.jpg,Data/Kvasir-SEG/masks/cju6z9a9kwsl007552s49rx6i.jpg,622,528,3,51146,328416,15.5735,Medium,False
cju76erapykj30871x5eaxh4q.jpg,Data/Kvasir-SEG/images/cju76erapykj30871x5eaxh4q.jpg,Data/Kvasir-SEG/masks/cju76erapykj30871x5eaxh4q.jpg,621,529,3,68987,328509,21.0,Large,False
cju76l27oyrw907551ri2a7fl.jpg,Data/Kvasir-SEG/images/cju76l27oyrw907551ri2a7fl.jpg,Data/Kvasir-SEG/masks/cju76l27oyrw907551ri2a7fl.jpg,396,480,3,49579,190080,26.0832,Large,False
cju76lsehyia10987u54vn8rb.jpg,Data/Kvasir-SEG/images/cju76lsehyia10987u54vn8rb.jpg,Data/Kvasir-SEG/masks/cju76lsehyia10987u54vn8rb.jpg,622,546,3,18842,339612,5.5481,Medium,False
cju76o55nymqd0871h31sph9w.jpg,Data/Kvasir-SEG/images/cju76o55nymqd0871h31sph9w.jpg,Data/Kvasir-SEG/masks/cju76o55nymqd0871h31sph9w.jpg,600,529,3,2065,317400,0.6506,Small,False
cju77196iyshb0850ycbto50a.jpg,Data/Kvasir-SEG/images/cju77196iyshb0850ycbto50a.jpg,Data/Kvasir-SEG/masks/cju77196iyshb0850ycbto50a.jpg,622,529,3,88411,329038,26.8695,Large,False
cju772304yw5t0818vbw8kkjf.jpg,Data/Kvasir-SEG/images/cju772304yw5t0818vbw8kkjf.jpg,Data/Kvasir-SEG/masks/cju772304yw5t0818vbw8kkjf.jpg,622,546,3,19973,339612,5.8811,Medium,False
cju773hsyyosz0817pk1e7sjq.jpg,Data/Kvasir-SEG/images/cju773hsyyosz0817pk1e7sjq.jpg,Data/Kvasir-SEG/masks/cju773hsyyosz0817pk1e7sjq.jpg,618,530,3,35500,327540,10.8384,Medium,False
cju774fmayxif0818u2g79usw.jpg,Data/Kvasir-SEG/images/cju774fmayxif0818u2g79usw.jpg,Data/Kvasir-SEG/masks/cju774fmayxif0818u2g79usw.jpg,622,530,3,19214,329660,5.8284,Medium,False
cju7787c5yy3l080159mwqsnj.jpg,Data/Kvasir-SEG/images/cju7787c5yy3l080159mwqsnj.jpg,Data/Kvasir-SEG/masks/cju7787c5yy3l080159mwqsnj.jpg,622,530,3,18633,329660,5.6522,Medium,False
cju77afzlz3kp07550x5nafzs.jpg,Data/Kvasir-SEG/images/cju77afzlz3kp07550x5nafzs.jpg,Data/Kvasir-SEG/masks/cju77afzlz3kp07550x5nafzs.jpg,622,528,3,180607,328416,54.9934,Large,False
cju77b3wyz4160755qis4ljsb.jpg,Data/Kvasir-SEG/images/cju77b3wyz4160755qis4ljsb.jpg,Data/Kvasir-SEG/masks/cju77b3wyz4160755qis4ljsb.jpg,571,530,3,12804,302630,4.2309,Small,False
cju77bvg0yv4r0987yh60xmjo.jpg,Data/Kvasir-SEG/images/cju77bvg0yv4r0987yh60xmjo.jpg,Data/Kvasir-SEG/masks/cju77bvg0yv4r0987yh60xmjo.jpg,616,546,3,25907,336336,7.7027,Medium,False
cju77g99iyxc00817zqi2ppor.jpg,Data/Kvasir-SEG/images/cju77g99iyxc00817zqi2ppor.jpg,Data/Kvasir-SEG/masks/cju77g99iyxc00817zqi2ppor.jpg,620,531,3,88864,329220,26.9923,Large,False
cju77idwfz36d0871tzfzz51i.jpg,Data/Kvasir-SEG/images/cju77idwfz36d0871tzfzz51i.jpg,Data/Kvasir-SEG/masks/cju77idwfz36d0871tzfzz51i.jpg,605,528,3,60661,319440,18.9898,Medium,False
cju77j66ez52p08019xygi0co.jpg,Data/Kvasir-SEG/images/cju77j66ez52p08019xygi0co.jpg,Data/Kvasir-SEG/masks/cju77j66ez52p08019xygi0co.jpg,613,530,3,10168,324890,3.1297,Small,False
cju77k828z46w0871r0avuoo9.jpg,Data/Kvasir-SEG/images/cju77k828z46w0871r0avuoo9.jpg,Data/Kvasir-SEG/masks/cju77k828z46w0871r0avuoo9.jpg,622,530,3,31870,329660,9.6675,Medium,False
cju77q10sz9ug0801449wu1nu.jpg,Data/Kvasir-SEG/images/cju77q10sz9ug0801449wu1nu.jpg,Data/Kvasir-SEG/masks/cju77q10sz9ug0801449wu1nu.jpg,608,528,3,32684,321024,10.1812,Medium,False
cju77re6fz5bb0817vp9redjg.jpg,Data/Kvasir-SEG/images/cju77re6fz5bb0817vp9redjg.jpg,Data/Kvasir-SEG/masks/cju77re6fz5bb0817vp9redjg.jpg,443,530,3,21214,234790,9.0353,Medium,False
cju77t0razbvm080106o56289.jpg,Data/Kvasir-SEG/images/cju77t0razbvm080106o56289.jpg,Data/Kvasir-SEG/masks/cju77t0razbvm080106o56289.jpg,570,528,3,168500,300960,55.9875,Large,False
cju77u1sjz77b0817ft44r3fk.jpg,Data/Kvasir-SEG/images/cju77u1sjz77b0817ft44r3fk.jpg,Data/Kvasir-SEG/masks/cju77u1sjz77b0817ft44r3fk.jpg,622,531,3,38629,330282,11.6958,Medium,False
cju77vvcwzcm50850lzoykuva.jpg,Data/Kvasir-SEG/images/cju77vvcwzcm50850lzoykuva.jpg,Data/Kvasir-SEG/masks/cju77vvcwzcm50850lzoykuva.jpg,618,529,3,25566,326922,7.8202,Medium,False
cju783tmkzkqu081803g7q5vk.jpg,Data/Kvasir-SEG/images/cju783tmkzkqu081803g7q5vk.jpg,Data/Kvasir-SEG/masks/cju783tmkzkqu081803g7q5vk.jpg,618,494,3,34901,305292,11.432,Medium,False
cju784jpdzeae0987q5ypq883.jpg,Data/Kvasir-SEG/images/cju784jpdzeae0987q5ypq883.jpg,Data/Kvasir-SEG/masks/cju784jpdzeae0987q5ypq883.jpg,580,531,3,33635,307980,10.9212,Medium,False
cju785htizjzo08017tvlhtg4.jpg,Data/Kvasir-SEG/images/cju785htizjzo08017tvlhtg4.jpg,Data/Kvasir-SEG/masks/cju785htizjzo08017tvlhtg4.jpg,546,530,3,29637,289380,10.2416,Medium,False
cju787jnjzjuj0871p94nck9g.jpg,Data/Kvasir-SEG/images/cju787jnjzjuj0871p94nck9g.jpg,Data/Kvasir-SEG/masks/cju787jnjzjuj0871p94nck9g.jpg,626,546,3,43108,341796,12.6122,Medium,False
cju7adqyj1jcx08712r1ro5gx.jpg,Data/Kvasir-SEG/images/cju7adqyj1jcx08712r1ro5gx.jpg,Data/Kvasir-SEG/masks/cju7adqyj1jcx08712r1ro5gx.jpg,622,480,3,83256,298560,27.8859,Large,False
cju7ae7bq1f820987toc8si1d.jpg,Data/Kvasir-SEG/images/cju7ae7bq1f820987toc8si1d.jpg,Data/Kvasir-SEG/masks/cju7ae7bq1f820987toc8si1d.jpg,509,530,3,9897,269770,3.6687,Small,False
cju7aez2x1jtj0871ztezs3oi.jpg,Data/Kvasir-SEG/images/cju7aez2x1jtj0871ztezs3oi.jpg,Data/Kvasir-SEG/masks/cju7aez2x1jtj0871ztezs3oi.jpg,621,510,3,9157,316710,2.8913,Small,False
cju7afqon1ip40850ue2308b6.jpg,Data/Kvasir-SEG/images/cju7afqon1ip40850ue2308b6.jpg,Data/Kvasir-SEG/masks/cju7afqon1ip40850ue2308b6.jpg,617,528,3,15431,325776,4.7367,Small,False
cju7agj961l2r0818z29iq8yn.jpg,Data/Kvasir-SEG/images/cju7agj961l2r0818z29iq8yn.jpg,Data/Kvasir-SEG/masks/cju7agj961l2r0818z29iq8yn.jpg,622,530,3,21416,329660,6.4964,Medium,False
cju7ahtkb1jr90801jck4kbds.jpg,Data/Kvasir-SEG/images/cju7ahtkb1jr90801jck4kbds.jpg,Data/Kvasir-SEG/masks/cju7ahtkb1jr90801jck4kbds.jpg,602,546,3,42977,328692,13.0752,Medium,False
cju7aifyo1p3n07552nxjx51f.jpg,Data/Kvasir-SEG/images/cju7aifyo1p3n07552nxjx51f.jpg,Data/Kvasir-SEG/masks/cju7aifyo1p3n07552nxjx51f.jpg,622,531,3,19381,330282,5.868,Medium,False
cju7ajnbo1gvm098749rdouk0.jpg,Data/Kvasir-SEG/images/cju7ajnbo1gvm098749rdouk0.jpg,Data/Kvasir-SEG/masks/cju7ajnbo1gvm098749rdouk0.jpg,626,546,3,77488,341796,22.6708,Large,False
cju7aklv31h4309871m29l4e7.jpg,Data/Kvasir-SEG/images/cju7aklv31h4309871m29l4e7.jpg,Data/Kvasir-SEG/masks/cju7aklv31h4309871m29l4e7.jpg,615,529,3,33188,325335,10.2012,Medium,False
cju7alcgr1lsr0871riqk84z7.jpg,Data/Kvasir-SEG/images/cju7alcgr1lsr0871riqk84z7.jpg,Data/Kvasir-SEG/masks/cju7alcgr1lsr0871riqk84z7.jpg,622,530,3,32195,329660,9.7661,Medium,False
cju7amjna1ly40871ugiokehb.jpg,Data/Kvasir-SEG/images/cju7amjna1ly40871ugiokehb.jpg,Data/Kvasir-SEG/masks/cju7amjna1ly40871ugiokehb.jpg,552,531,3,41566,293112,14.1809,Medium,False
cju7ap09p1kz10850ldccjebj.jpg,Data/Kvasir-SEG/images/cju7ap09p1kz10850ldccjebj.jpg,Data/Kvasir-SEG/masks/cju7ap09p1kz10850ldccjebj.jpg,626,546,3,16853,341796,4.9307,Small,False
cju7apr0c1qqm0755s7msqot4.jpg,Data/Kvasir-SEG/images/cju7apr0c1qqm0755s7msqot4.jpg,Data/Kvasir-SEG/masks/cju7apr0c1qqm0755s7msqot4.jpg,584,530,3,40946,309520,13.2289,Medium,False
cju7aqkue1i2k09879uzcpt8r.jpg,Data/Kvasir-SEG/images/cju7aqkue1i2k09879uzcpt8r.jpg,Data/Kvasir-SEG/masks/cju7aqkue1i2k09879uzcpt8r.jpg,621,530,3,19820,329130,6.0219,Medium,False
cju7arvfe1ldu0850erdmphgj.jpg,Data/Kvasir-SEG/images/cju7arvfe1ldu0850erdmphgj.jpg,Data/Kvasir-SEG/masks/cju7arvfe1ldu0850erdmphgj.jpg,622,529,3,50011,329038,15.1992,Medium,False
cju7atnm31if40817pqclnjer.jpg,Data/Kvasir-SEG/images/cju7atnm31if40817pqclnjer.jpg,Data/Kvasir-SEG/masks/cju7atnm31if40817pqclnjer.jpg,622,531,3,53552,330282,16.214,Medium,False
cju7avvi51iox0817ym55y6tt.jpg,Data/Kvasir-SEG/images/cju7avvi51iox0817ym55y6tt.jpg,Data/Kvasir-SEG/masks/cju7avvi51iox0817ym55y6tt.jpg,626,546,3,176857,341796,51.7434,Large,False
cju7awzmu1ncs0871hziy65zx.jpg,Data/Kvasir-SEG/images/cju7awzmu1ncs0871hziy65zx.jpg,Data/Kvasir-SEG/masks/cju7awzmu1ncs0871hziy65zx.jpg,592,527,3,24895,311984,7.9796,Medium,False
cju7azuu31mia0801pf9ib5ed.jpg,Data/Kvasir-SEG/images/cju7azuu31mia0801pf9ib5ed.jpg,Data/Kvasir-SEG/masks/cju7azuu31mia0801pf9ib5ed.jpg,605,530,3,22468,320650,7.007,Medium,False
cju7b10ce1mnm08011c5bwyr4.jpg,Data/Kvasir-SEG/images/cju7b10ce1mnm08011c5bwyr4.jpg,Data/Kvasir-SEG/masks/cju7b10ce1mnm08011c5bwyr4.jpg,622,530,3,56120,329660,17.0236,Medium,False
cju7b1ygu1msd0801hywhy0mc.jpg,Data/Kvasir-SEG/images/cju7b1ygu1msd0801hywhy0mc.jpg,Data/Kvasir-SEG/masks/cju7b1ygu1msd0801hywhy0mc.jpg,617,530,3,49196,327010,15.0442,Medium,False
cju7b2l561oas0871decgslaf.jpg,Data/Kvasir-SEG/images/cju7b2l561oas0871decgslaf.jpg,Data/Kvasir-SEG/masks/cju7b2l561oas0871decgslaf.jpg,569,531,3,26504,302139,8.7721,Medium,False
cju7b3f5h1sm40755i572jden.jpg,Data/Kvasir-SEG/images/cju7b3f5h1sm40755i572jden.jpg,Data/Kvasir-SEG/masks/cju7b3f5h1sm40755i572jden.jpg,622,531,3,48540,330282,14.6965,Medium,False
cju7b4mtw1n9n080186209f3d.jpg,Data/Kvasir-SEG/images/cju7b4mtw1n9n080186209f3d.jpg,Data/Kvasir-SEG/masks/cju7b4mtw1n9n080186209f3d.jpg,600,528,3,13502,316800,4.262,Small,False
cju7b5afm1nfw0801xqm8bf8q.jpg,Data/Kvasir-SEG/images/cju7b5afm1nfw0801xqm8bf8q.jpg,Data/Kvasir-SEG/masks/cju7b5afm1nfw0801xqm8bf8q.jpg,599,531,3,18001,318069,5.6595,Medium,False
cju7b9vcs1luz0987ta60j1dy.jpg,Data/Kvasir-SEG/images/cju7b9vcs1luz0987ta60j1dy.jpg,Data/Kvasir-SEG/masks/cju7b9vcs1luz0987ta60j1dy.jpg,626,547,3,44794,342422,13.0815,Medium,False
cju7bb3ss1uoo0755pmhyco7t.jpg,Data/Kvasir-SEG/images/cju7bb3ss1uoo0755pmhyco7t.jpg,Data/Kvasir-SEG/masks/cju7bb3ss1uoo0755pmhyco7t.jpg,502,529,3,44974,265558,16.9357,Medium,False
cju7bc95p1mdm0817yqj5jc6j.jpg,Data/Kvasir-SEG/images/cju7bc95p1mdm0817yqj5jc6j.jpg,Data/Kvasir-SEG/masks/cju7bc95p1mdm0817yqj5jc6j.jpg,622,529,3,28697,329038,8.7215,Medium,False
cju7bd1qu1mx409877xjxibox.jpg,Data/Kvasir-SEG/images/cju7bd1qu1mx409877xjxibox.jpg,Data/Kvasir-SEG/masks/cju7bd1qu1mx409877xjxibox.jpg,570,530,3,28311,302100,9.3714,Medium,False
cju7bduyq1rjf08719giru9ho.jpg,Data/Kvasir-SEG/images/cju7bduyq1rjf08719giru9ho.jpg,Data/Kvasir-SEG/masks/cju7bduyq1rjf08719giru9ho.jpg,622,508,3,37884,315976,11.9895,Medium,False
cju7bf1lp1shi081835vs84lc.jpg,Data/Kvasir-SEG/images/cju7bf1lp1shi081835vs84lc.jpg,Data/Kvasir-SEG/masks/cju7bf1lp1shi081835vs84lc.jpg,570,530,3,109679,302100,36.3055,Large,False
cju7bfx651qr80801cs7epotb.jpg,Data/Kvasir-SEG/images/cju7bfx651qr80801cs7epotb.jpg,Data/Kvasir-SEG/masks/cju7bfx651qr80801cs7epotb.jpg,622,528,3,60381,328416,18.3855,Medium,False
cju7bgnvb1sf808717qa799ir.jpg,Data/Kvasir-SEG/images/cju7bgnvb1sf808717qa799ir.jpg,Data/Kvasir-SEG/masks/cju7bgnvb1sf808717qa799ir.jpg,590,528,3,58355,311520,18.7323,Medium,False
cju7bmi1v1pnj0987pa52jjok.jpg,Data/Kvasir-SEG/images/cju7bmi1v1pnj0987pa52jjok.jpg,Data/Kvasir-SEG/masks/cju7bmi1v1pnj0987pa52jjok.jpg,614,530,3,43869,325420,13.4807,Medium,False
cju7cl8zm1xcu0817ado0jpas.jpg,Data/Kvasir-SEG/images/cju7cl8zm1xcu0817ado0jpas.jpg,Data/Kvasir-SEG/masks/cju7cl8zm1xcu0817ado0jpas.jpg,570,530,3,101560,302100,33.618,Large,False
cju7cp6dw244p0818gncdol4m.jpg,Data/Kvasir-SEG/images/cju7cp6dw244p0818gncdol4m.jpg,Data/Kvasir-SEG/masks/cju7cp6dw244p0818gncdol4m.jpg,622,530,3,11876,329660,3.6025,Small,False
cju7cq6su27qv075574dir0r3.jpg,Data/Kvasir-SEG/images/cju7cq6su27qv075574dir0r3.jpg,Data/Kvasir-SEG/masks/cju7cq6su27qv075574dir0r3.jpg,622,530,3,43060,329660,13.0619,Medium,False
cju7crgxa28550755wbsgqkel.jpg,Data/Kvasir-SEG/images/cju7crgxa28550755wbsgqkel.jpg,Data/Kvasir-SEG/masks/cju7crgxa28550755wbsgqkel.jpg,622,504,3,45619,313488,14.5521,Medium,False
cju7csvlb22fr0850lvm45n3x.jpg,Data/Kvasir-SEG/images/cju7csvlb22fr0850lvm45n3x.jpg,Data/Kvasir-SEG/masks/cju7csvlb22fr0850lvm45n3x.jpg,622,530,3,96937,329660,29.4051,Large,False
cju7ctvqn25dy08186g442m1r.jpg,Data/Kvasir-SEG/images/cju7ctvqn25dy08186g442m1r.jpg,Data/Kvasir-SEG/masks/cju7ctvqn25dy08186g442m1r.jpg,622,531,3,45649,330282,13.8212,Medium,False
cju7cue9b232j0801qdzk1ykj.jpg,Data/Kvasir-SEG/images/cju7cue9b232j0801qdzk1ykj.jpg,Data/Kvasir-SEG/masks/cju7cue9b232j0801qdzk1ykj.jpg,613,528,3,28031,323664,8.6605,Medium,False
cju7cufm7298k0755j09uf3of.jpg,Data/Kvasir-SEG/images/cju7cufm7298k0755j09uf3of.jpg,Data/Kvasir-SEG/masks/cju7cufm7298k0755j09uf3of.jpg,614,531,3,38536,326034,11.8196,Medium,False
cju7d1tvt25bu08019dvw3uff.jpg,Data/Kvasir-SEG/images/cju7d1tvt25bu08019dvw3uff.jpg,Data/Kvasir-SEG/masks/cju7d1tvt25bu08019dvw3uff.jpg,571,531,3,84325,303201,27.8116,Large,False
cju7d2q1k27nf08715zshsckt.jpg,Data/Kvasir-SEG/images/cju7d2q1k27nf08715zshsckt.jpg,Data/Kvasir-SEG/masks/cju7d2q1k27nf08715zshsckt.jpg,620,530,3,71956,328600,21.8977,Large,False
cju7d3oc82cho0755dajlwldz.jpg,Data/Kvasir-SEG/images/cju7d3oc82cho0755dajlwldz.jpg,Data/Kvasir-SEG/masks/cju7d3oc82cho0755dajlwldz.jpg,622,529,3,56611,329038,17.205,Medium,False
cju7d4jk723eu0817bqz2n39m.jpg,Data/Kvasir-SEG/images/cju7d4jk723eu0817bqz2n39m.jpg,Data/Kvasir-SEG/masks/cju7d4jk723eu0817bqz2n39m.jpg,615,530,3,40978,325950,12.5719,Medium,False
cju7d5m0p23kn09871rk7pu3v.jpg,Data/Kvasir-SEG/images/cju7d5m0p23kn09871rk7pu3v.jpg,Data/Kvasir-SEG/masks/cju7d5m0p23kn09871rk7pu3v.jpg,563,531,3,113701,298953,38.0331,Large,False
cju7d6ux323ze0987xos3srkx.jpg,Data/Kvasir-SEG/images/cju7d6ux323ze0987xos3srkx.jpg,Data/Kvasir-SEG/masks/cju7d6ux323ze0987xos3srkx.jpg,621,527,3,122326,327267,37.378,Large,False
cju7d7aut2a2p0818z4uxc6cd.jpg,Data/Kvasir-SEG/images/cju7d7aut2a2p0818z4uxc6cd.jpg,Data/Kvasir-SEG/masks/cju7d7aut2a2p0818z4uxc6cd.jpg,621,530,3,5581,329130,1.6957,Small,False
cju7d7tly27h408016fyp5nr7.jpg,Data/Kvasir-SEG/images/cju7d7tly27h408016fyp5nr7.jpg,Data/Kvasir-SEG/masks/cju7d7tly27h408016fyp5nr7.jpg,528,528,3,43543,278784,15.6189,Medium,False
cju7d8m3b2e210755l8fj1yph.jpg,Data/Kvasir-SEG/images/cju7d8m3b2e210755l8fj1yph.jpg,Data/Kvasir-SEG/masks/cju7d8m3b2e210755l8fj1yph.jpg,619,528,3,88425,326832,27.0552,Large,False
cju7d9seq29zd0871nzl2uu5m.jpg,Data/Kvasir-SEG/images/cju7d9seq29zd0871nzl2uu5m.jpg,Data/Kvasir-SEG/masks/cju7d9seq29zd0871nzl2uu5m.jpg,622,528,3,74061,328416,22.551,Large,False
cju7da88w2eod0755wejzynvt.jpg,Data/Kvasir-SEG/images/cju7da88w2eod0755wejzynvt.jpg,Data/Kvasir-SEG/masks/cju7da88w2eod0755wejzynvt.jpg,622,484,3,10402,301048,3.4553,Small,False
cju7db7lp2f400755tntd1ohf.jpg,Data/Kvasir-SEG/images/cju7db7lp2f400755tntd1ohf.jpg,Data/Kvasir-SEG/masks/cju7db7lp2f400755tntd1ohf.jpg,612,522,3,84335,319464,26.3989,Large,False
cju7dbppn28nx085097654msi.jpg,Data/Kvasir-SEG/images/cju7dbppn28nx085097654msi.jpg,Data/Kvasir-SEG/masks/cju7dbppn28nx085097654msi.jpg,626,546,3,101032,341796,29.5592,Large,False
cju7dda8w2br20818zhsuz8s7.jpg,Data/Kvasir-SEG/images/cju7dda8w2br20818zhsuz8s7.jpg,Data/Kvasir-SEG/masks/cju7dda8w2br20818zhsuz8s7.jpg,564,530,3,109820,298920,36.7389,Large,False
cju7ddtz729960801uazp1knc.jpg,Data/Kvasir-SEG/images/cju7ddtz729960801uazp1knc.jpg,Data/Kvasir-SEG/masks/cju7ddtz729960801uazp1knc.jpg,622,528,3,56641,328416,17.2467,Medium,False
cju7deifq2fzn0755lc8idyh8.jpg,Data/Kvasir-SEG/images/cju7deifq2fzn0755lc8idyh8.jpg,Data/Kvasir-SEG/masks/cju7deifq2fzn0755lc8idyh8.jpg,626,547,3,26814,342422,7.8307,Medium,False
cju7dff9529h208503w60lbil.jpg,Data/Kvasir-SEG/images/cju7dff9529h208503w60lbil.jpg,Data/Kvasir-SEG/masks/cju7dff9529h208503w60lbil.jpg,619,530,3,167981,328070,51.2028,Large,False
cju7dglf226g50987ohbthl19.jpg,Data/Kvasir-SEG/images/cju7dglf226g50987ohbthl19.jpg,Data/Kvasir-SEG/masks/cju7dglf226g50987ohbthl19.jpg,621,528,3,55371,327888,16.8872,Medium,False
cju7dhpsc2dnn0818025m6857.jpg,Data/Kvasir-SEG/images/cju7dhpsc2dnn0818025m6857.jpg,Data/Kvasir-SEG/masks/cju7dhpsc2dnn0818025m6857.jpg,554,531,3,144662,294174,49.1757,Large,False
cju7dizi82h2i0755doucgnt3.jpg,Data/Kvasir-SEG/images/cju7dizi82h2i0755doucgnt3.jpg,Data/Kvasir-SEG/masks/cju7dizi82h2i0755doucgnt3.jpg,622,529,3,24830,329038,7.5462,Medium,False
cju7dlk532dsh0871zvr6qz0r.jpg,Data/Kvasir-SEG/images/cju7dlk532dsh0871zvr6qz0r.jpg,Data/Kvasir-SEG/masks/cju7dlk532dsh0871zvr6qz0r.jpg,627,547,3,63552,342969,18.53,Medium,False
cju7dmlgf2ebw0871ieqas5fh.jpg,Data/Kvasir-SEG/images/cju7dmlgf2ebw0871ieqas5fh.jpg,Data/Kvasir-SEG/masks/cju7dmlgf2ebw0871ieqas5fh.jpg,608,529,3,28020,321632,8.7118,Medium,False
cju7dn24o296i09871qfxb8s2.jpg,Data/Kvasir-SEG/images/cju7dn24o296i09871qfxb8s2.jpg,Data/Kvasir-SEG/masks/cju7dn24o296i09871qfxb8s2.jpg,626,547,3,50816,342422,14.8402,Medium,False
cju7do8c72dbo0801vxfzxdc4.jpg,Data/Kvasir-SEG/images/cju7do8c72dbo0801vxfzxdc4.jpg,Data/Kvasir-SEG/masks/cju7do8c72dbo0801vxfzxdc4.jpg,626,547,3,14065,342422,4.1075,Small,False
cju7dp3dw2k4n0755zhe003ad.jpg,Data/Kvasir-SEG/images/cju7dp3dw2k4n0755zhe003ad.jpg,Data/Kvasir-SEG/masks/cju7dp3dw2k4n0755zhe003ad.jpg,626,546,3,22283,341796,6.5194,Medium,False
cju7dqcwi2dz00850gcmr2ert.jpg,Data/Kvasir-SEG/images/cju7dqcwi2dz00850gcmr2ert.jpg,Data/Kvasir-SEG/masks/cju7dqcwi2dz00850gcmr2ert.jpg,622,528,3,17907,328416,5.4525,Medium,False
cju7druhp2gp308715i6km7be.jpg,Data/Kvasir-SEG/images/cju7druhp2gp308715i6km7be.jpg,Data/Kvasir-SEG/masks/cju7druhp2gp308715i6km7be.jpg,626,546,3,110124,341796,32.2192,Large,False
cju7dsrtb2f8i085064kwugfk.jpg,Data/Kvasir-SEG/images/cju7dsrtb2f8i085064kwugfk.jpg,Data/Kvasir-SEG/masks/cju7dsrtb2f8i085064kwugfk.jpg,584,530,3,25874,309520,8.3594,Medium,False
cju7dtb1e2j0t0818deq51ib3.jpg,Data/Kvasir-SEG/images/cju7dtb1e2j0t0818deq51ib3.jpg,Data/Kvasir-SEG/masks/cju7dtb1e2j0t0818deq51ib3.jpg,622,528,3,53012,328416,16.1417,Medium,False
cju7dubap2g0w0801fgl42mg9.jpg,Data/Kvasir-SEG/images/cju7dubap2g0w0801fgl42mg9.jpg,Data/Kvasir-SEG/masks/cju7dubap2g0w0801fgl42mg9.jpg,623,528,3,83293,328944,25.3213,Large,False
cju7dvl5m2n4t0755hlnnjjet.jpg,Data/Kvasir-SEG/images/cju7dvl5m2n4t0755hlnnjjet.jpg,Data/Kvasir-SEG/masks/cju7dvl5m2n4t0755hlnnjjet.jpg,537,530,3,7886,284610,2.7708,Small,False
cju7dwe282dc309876rco45ts.jpg,Data/Kvasir-SEG/images/cju7dwe282dc309876rco45ts.jpg,Data/Kvasir-SEG/masks/cju7dwe282dc309876rco45ts.jpg,622,530,3,104976,329660,31.8437,Large,False
cju7dxffn2eam0817qxosfwch.jpg,Data/Kvasir-SEG/images/cju7dxffn2eam0817qxosfwch.jpg,Data/Kvasir-SEG/masks/cju7dxffn2eam0817qxosfwch.jpg,626,546,3,59589,341796,17.4341,Medium,False
cju7dymur2od30755eg8yv2ht.jpg,Data/Kvasir-SEG/images/cju7dymur2od30755eg8yv2ht.jpg,Data/Kvasir-SEG/masks/cju7dymur2od30755eg8yv2ht.jpg,622,530,3,46389,329660,14.0718,Medium,False
cju7dz5yy2i7z0801ausi7rna.jpg,Data/Kvasir-SEG/images/cju7dz5yy2i7z0801ausi7rna.jpg,Data/Kvasir-SEG/masks/cju7dz5yy2i7z0801ausi7rna.jpg,619,529,3,9437,327451,2.882,Small,False
cju7ea4om2l910801bohqjccy.jpg,Data/Kvasir-SEG/images/cju7ea4om2l910801bohqjccy.jpg,Data/Kvasir-SEG/masks/cju7ea4om2l910801bohqjccy.jpg,626,546,3,19249,341796,5.6317,Medium,False
cju7ebe962hr409872ovibahw.jpg,Data/Kvasir-SEG/images/cju7ebe962hr409872ovibahw.jpg,Data/Kvasir-SEG/masks/cju7ebe962hr409872ovibahw.jpg,622,530,3,143972,329660,43.6729,Large,False
cju7ecl9i2i060987xawjp4l0.jpg,Data/Kvasir-SEG/images/cju7ecl9i2i060987xawjp4l0.jpg,Data/Kvasir-SEG/masks/cju7ecl9i2i060987xawjp4l0.jpg,622,529,3,77510,329038,23.5565,Large,False
cju7eea9b2m0z0801ynqv1fqu.jpg,Data/Kvasir-SEG/images/cju7eea9b2m0z0801ynqv1fqu.jpg,Data/Kvasir-SEG/masks/cju7eea9b2m0z0801ynqv1fqu.jpg,1224,1012,3,140519,1238688,11.3442,Medium,False
cju7efffp2ivf0817etg3jehl.jpg,Data/Kvasir-SEG/images/cju7efffp2ivf0817etg3jehl.jpg,Data/Kvasir-SEG/masks/cju7efffp2ivf0817etg3jehl.jpg,626,546,3,148925,341796,43.5713,Large,False
cju7ehljc2or70871261br8ai.jpg,Data/Kvasir-SEG/images/cju7ehljc2or70871261br8ai.jpg,Data/Kvasir-SEG/masks/cju7ehljc2or70871261br8ai.jpg,569,531,3,164844,302139,54.559,Large,False
cju7ejm2l2ncl0801wq6y84nw.jpg,Data/Kvasir-SEG/images/cju7ejm2l2ncl0801wq6y84nw.jpg,Data/Kvasir-SEG/masks/cju7ejm2l2ncl0801wq6y84nw.jpg,626,546,3,23241,341796,6.7997,Medium,False
cju7ekbo32pft0871fv7kzwb9.jpg,Data/Kvasir-SEG/images/cju7ekbo32pft0871fv7kzwb9.jpg,Data/Kvasir-SEG/masks/cju7ekbo32pft0871fv7kzwb9.jpg,571,521,3,9062,297491,3.0461,Small,False
cju7el6xv2k520817qxx9wdr5.jpg,Data/Kvasir-SEG/images/cju7el6xv2k520817qxx9wdr5.jpg,Data/Kvasir-SEG/masks/cju7el6xv2k520817qxx9wdr5.jpg,626,546,3,86146,341796,25.2039,Large,False
cju7emdni2py40871ivhxjtut.jpg,Data/Kvasir-SEG/images/cju7emdni2py40871ivhxjtut.jpg,Data/Kvasir-SEG/masks/cju7emdni2py40871ivhxjtut.jpg,622,529,3,116586,329038,35.4324,Large,False
cju7eotqi2qea0871y8yc7tqh.jpg,Data/Kvasir-SEG/images/cju7eotqi2qea0871y8yc7tqh.jpg,Data/Kvasir-SEG/masks/cju7eotqi2qea0871y8yc7tqh.jpg,626,546,3,222663,341796,65.145,Large,False
cju7epwj82koz098713apjnzo.jpg,Data/Kvasir-SEG/images/cju7epwj82koz098713apjnzo.jpg,Data/Kvasir-SEG/masks/cju7epwj82koz098713apjnzo.jpg,622,528,3,23382,328416,7.1196,Medium,False
cju7er4kc2opa0801anuxc0eb.jpg,Data/Kvasir-SEG/images/cju7er4kc2opa0801anuxc0eb.jpg,Data/Kvasir-SEG/masks/cju7er4kc2opa0801anuxc0eb.jpg,622,528,3,56838,328416,17.3067,Medium,False
cju7es23b2vcp0755gpbm9s7v.jpg,Data/Kvasir-SEG/images/cju7es23b2vcp0755gpbm9s7v.jpg,Data/Kvasir-SEG/masks/cju7es23b2vcp0755gpbm9s7v.jpg,584,529,3,115455,308936,37.3718,Large,False
cju7et17a2vjk0755e743npl1.jpg,Data/Kvasir-SEG/images/cju7et17a2vjk0755e743npl1.jpg,Data/Kvasir-SEG/masks/cju7et17a2vjk0755e743npl1.jpg,626,546,3,13853,341796,4.053,Small,False
cju7etr3y2p4t0801cdzjj8ab.jpg,Data/Kvasir-SEG/images/cju7etr3y2p4t0801cdzjj8ab.jpg,Data/Kvasir-SEG/masks/cju7etr3y2p4t0801cdzjj8ab.jpg,623,528,3,26509,328944,8.0588,Medium,False
cju7eueum2oqn0850rodmx8zo.jpg,Data/Kvasir-SEG/images/cju7eueum2oqn0850rodmx8zo.jpg,Data/Kvasir-SEG/masks/cju7eueum2oqn0850rodmx8zo.jpg,562,530,3,25204,297860,8.4617,Medium,False
cju7ev2b12owa08500bpfpwyw.jpg,Data/Kvasir-SEG/images/cju7ev2b12owa08500bpfpwyw.jpg,Data/Kvasir-SEG/masks/cju7ev2b12owa08500bpfpwyw.jpg,622,530,3,63166,329660,19.161,Medium,False
cju7evxt12m730987rxivne3x.jpg,Data/Kvasir-SEG/images/cju7evxt12m730987rxivne3x.jpg,Data/Kvasir-SEG/masks/cju7evxt12m730987rxivne3x.jpg,510,528,3,102090,269280,37.9122,Large,False
cju7ey10f2rvf0871bwbi9x82.jpg,Data/Kvasir-SEG/images/cju7ey10f2rvf0871bwbi9x82.jpg,Data/Kvasir-SEG/masks/cju7ey10f2rvf0871bwbi9x82.jpg,622,530,3,19501,329660,5.9155,Medium,False
cju7ez7r22qbc08015xfoz2wb.jpg,Data/Kvasir-SEG/images/cju7ez7r22qbc08015xfoz2wb.jpg,Data/Kvasir-SEG/masks/cju7ez7r22qbc08015xfoz2wb.jpg,612,530,3,106919,324360,32.9631,Large,False
cju7ezs7g2mxm098787atbran.jpg,Data/Kvasir-SEG/images/cju7ezs7g2mxm098787atbran.jpg,Data/Kvasir-SEG/masks/cju7ezs7g2mxm098787atbran.jpg,622,530,3,15555,329660,4.7185,Small,False
cju7f0ec32txj08184asb8w5f.jpg,Data/Kvasir-SEG/images/cju7f0ec32txj08184asb8w5f.jpg,Data/Kvasir-SEG/masks/cju7f0ec32txj08184asb8w5f.jpg,604,445,3,17967,268780,6.6846,Medium,False
cju7f4sc62xqj075597xpmuoy.jpg,Data/Kvasir-SEG/images/cju7f4sc62xqj075597xpmuoy.jpg,Data/Kvasir-SEG/masks/cju7f4sc62xqj075597xpmuoy.jpg,626,547,3,47836,342422,13.9699,Medium,False
cju7f5ghb2r5s0801chwkxxh9.jpg,Data/Kvasir-SEG/images/cju7f5ghb2r5s0801chwkxxh9.jpg,Data/Kvasir-SEG/masks/cju7f5ghb2r5s0801chwkxxh9.jpg,1220,1010,3,367077,1232200,29.7904,Large,False
cju7f6cqy2ur20818t1saazbm.jpg,Data/Kvasir-SEG/images/cju7f6cqy2ur20818t1saazbm.jpg,Data/Kvasir-SEG/masks/cju7f6cqy2ur20818t1saazbm.jpg,626,546,3,43453,341796,12.7131,Medium,False
cju7f900s2o0k08175gl1giid.jpg,Data/Kvasir-SEG/images/cju7f900s2o0k08175gl1giid.jpg,Data/Kvasir-SEG/masks/cju7f900s2o0k08175gl1giid.jpg,622,529,3,60624,329038,18.4246,Medium,False
cju7f9umg2olj0987fj5y285w.jpg,Data/Kvasir-SEG/images/cju7f9umg2olj0987fj5y285w.jpg,Data/Kvasir-SEG/masks/cju7f9umg2olj0987fj5y285w.jpg,622,529,3,48174,329038,14.6409,Medium,False
cju7fazv92ywx0755xov2erga.jpg,Data/Kvasir-SEG/images/cju7fazv92ywx0755xov2erga.jpg,Data/Kvasir-SEG/masks/cju7fazv92ywx0755xov2erga.jpg,605,528,3,106774,319440,33.4254,Large,False
cju7fbndk2sl608015ravktum.jpg,Data/Kvasir-SEG/images/cju7fbndk2sl608015ravktum.jpg,Data/Kvasir-SEG/masks/cju7fbndk2sl608015ravktum.jpg,569,530,3,33314,301570,11.0469,Medium,False
cju7fcgbe2z3p07550vaflqdb.jpg,Data/Kvasir-SEG/images/cju7fcgbe2z3p07550vaflqdb.jpg,Data/Kvasir-SEG/masks/cju7fcgbe2z3p07550vaflqdb.jpg,620,530,3,31276,328600,9.518,Medium,False
cju7fd6yt2p740987wkr8exo1.jpg,Data/Kvasir-SEG/images/cju7fd6yt2p740987wkr8exo1.jpg,Data/Kvasir-SEG/masks/cju7fd6yt2p740987wkr8exo1.jpg,613,530,3,10040,324890,3.0903,Small,False
cju7fen322ou10817ziqkob4k.jpg,Data/Kvasir-SEG/images/cju7fen322ou10817ziqkob4k.jpg,Data/Kvasir-SEG/masks/cju7fen322ou10817ziqkob4k.jpg,622,528,3,38952,328416,11.8606,Medium,False
cju7ff97z2ow40817u2r83my5.jpg,Data/Kvasir-SEG/images/cju7ff97z2ow40817u2r83my5.jpg,Data/Kvasir-SEG/masks/cju7ff97z2ow40817u2r83my5.jpg,622,529,3,9408,329038,2.8592,Small,False
cju7flevb2wii08188otgs9p2.jpg,Data/Kvasir-SEG/images/cju7flevb2wii08188otgs9p2.jpg,Data/Kvasir-SEG/masks/cju7flevb2wii08188otgs9p2.jpg,600,528,3,209135,316800,66.0148,Large,False
cju7fmvpk2q170987v6i3ola8.jpg,Data/Kvasir-SEG/images/cju7fmvpk2q170987v6i3ola8.jpg,Data/Kvasir-SEG/masks/cju7fmvpk2q170987v6i3ola8.jpg,620,531,3,60551,329220,18.3923,Medium,False
cju7fnfv02tt90801djnix9m8.jpg,Data/Kvasir-SEG/images/cju7fnfv02tt90801djnix9m8.jpg,Data/Kvasir-SEG/masks/cju7fnfv02tt90801djnix9m8.jpg,622,528,3,6249,328416,1.9028,Small,False
cju7fob3x301u0755x985pmmq.jpg,Data/Kvasir-SEG/images/cju7fob3x301u0755x985pmmq.jpg,Data/Kvasir-SEG/masks/cju7fob3x301u0755x985pmmq.jpg,577,528,3,36058,304656,11.8356,Medium,False
cju7fpfzq2wyf0818xxd1oziv.jpg,Data/Kvasir-SEG/images/cju7fpfzq2wyf0818xxd1oziv.jpg,Data/Kvasir-SEG/masks/cju7fpfzq2wyf0818xxd1oziv.jpg,570,530,3,62451,302100,20.6723,Large,False
cju7fq7mm2pw508176uk5ugtx.jpg,Data/Kvasir-SEG/images/cju7fq7mm2pw508176uk5ugtx.jpg,Data/Kvasir-SEG/masks/cju7fq7mm2pw508176uk5ugtx.jpg,571,506,3,87092,288926,30.1434,Large,False
cju7frtqu2xa20818wq8r9fzf.jpg,Data/Kvasir-SEG/images/cju7frtqu2xa20818wq8r9fzf.jpg,Data/Kvasir-SEG/masks/cju7frtqu2xa20818wq8r9fzf.jpg,619,531,3,58461,328689,17.7861,Medium,False
cju7g7ba42z310987bqzbi2bq.jpg,Data/Kvasir-SEG/images/cju7g7ba42z310987bqzbi2bq.jpg,Data/Kvasir-SEG/masks/cju7g7ba42z310987bqzbi2bq.jpg,588,530,3,114831,311640,36.8473,Large,False
cju83h9ysjwe808716nt35oah.jpg,Data/Kvasir-SEG/images/cju83h9ysjwe808716nt35oah.jpg,Data/Kvasir-SEG/masks/cju83h9ysjwe808716nt35oah.jpg,571,531,3,14180,303201,4.6768,Small,False
cju83ipu3jwpx0801z5pvguf8.jpg,Data/Kvasir-SEG/images/cju83ipu3jwpx0801z5pvguf8.jpg,Data/Kvasir-SEG/masks/cju83ipu3jwpx0801z5pvguf8.jpg,622,529,3,10004,329038,3.0404,Small,False
cju83k8fyjsxr0817d6nxs6r4.jpg,Data/Kvasir-SEG/images/cju83k8fyjsxr0817d6nxs6r4.jpg,Data/Kvasir-SEG/masks/cju83k8fyjsxr0817d6nxs6r4.jpg,621,528,3,36304,327888,11.0721,Medium,False
cju83kxitjv340987z09m0ezy.jpg,Data/Kvasir-SEG/images/cju83kxitjv340987z09m0ezy.jpg,Data/Kvasir-SEG/masks/cju83kxitjv340987z09m0ezy.jpg,626,546,3,13761,341796,4.0261,Small,False
cju83mki1jv5w0817kubxm31r.jpg,Data/Kvasir-SEG/images/cju83mki1jv5w0817kubxm31r.jpg,Data/Kvasir-SEG/masks/cju83mki1jv5w0817kubxm31r.jpg,625,547,3,90832,341875,26.5688,Large,False
cju83nwu1jxte0987h1krpfmv.jpg,Data/Kvasir-SEG/images/cju83nwu1jxte0987h1krpfmv.jpg,Data/Kvasir-SEG/masks/cju83nwu1jxte0987h1krpfmv.jpg,621,528,3,30881,327888,9.4182,Medium,False
cju83qd0yjyht0817ktkfl268.jpg,Data/Kvasir-SEG/images/cju83qd0yjyht0817ktkfl268.jpg,Data/Kvasir-SEG/masks/cju83qd0yjyht0817ktkfl268.jpg,572,531,3,127630,303732,42.0206,Large,False
cju83rcnzkbsj0755x5anfrcg.jpg,Data/Kvasir-SEG/images/cju83rcnzkbsj0755x5anfrcg.jpg,Data/Kvasir-SEG/masks/cju83rcnzkbsj0755x5anfrcg.jpg,572,529,3,27837,302588,9.1996,Medium,False
cju83syhdk6gs0801rf1rekdl.jpg,Data/Kvasir-SEG/images/cju83syhdk6gs0801rf1rekdl.jpg,Data/Kvasir-SEG/masks/cju83syhdk6gs0801rf1rekdl.jpg,626,546,3,31481,341796,9.2105,Medium,False
cju83u9ftk3ni0987qnhlcinv.jpg,Data/Kvasir-SEG/images/cju83u9ftk3ni0987qnhlcinv.jpg,Data/Kvasir-SEG/masks/cju83u9ftk3ni0987qnhlcinv.jpg,576,476,3,83379,274176,30.4108,Large,False
cju83vvmik9wa08710yeh7cuk.jpg,Data/Kvasir-SEG/images/cju83vvmik9wa08710yeh7cuk.jpg,Data/Kvasir-SEG/masks/cju83vvmik9wa08710yeh7cuk.jpg,570,530,3,21752,302100,7.2003,Medium,False
cju83wwn1k55e0850kw6i2d81.jpg,Data/Kvasir-SEG/images/cju83wwn1k55e0850kw6i2d81.jpg,Data/Kvasir-SEG/masks/cju83wwn1k55e0850kw6i2d81.jpg,622,527,3,23028,327794,7.0251,Medium,False
cju83yddek68q0850d2x7zfkm.jpg,Data/Kvasir-SEG/images/cju83yddek68q0850d2x7zfkm.jpg,Data/Kvasir-SEG/masks/cju83yddek68q0850d2x7zfkm.jpg,622,529,3,58445,329038,17.7624,Medium,False
cju8402x1kcy70801t6kz6bdi.jpg,Data/Kvasir-SEG/images/cju8402x1kcy70801t6kz6bdi.jpg,Data/Kvasir-SEG/masks/cju8402x1kcy70801t6kz6bdi.jpg,626,547,3,58067,342422,16.9577,Medium,False
cju8418jhkf7d0818ga2v0xq0.jpg,Data/Kvasir-SEG/images/cju8418jhkf7d0818ga2v0xq0.jpg,Data/Kvasir-SEG/masks/cju8418jhkf7d0818ga2v0xq0.jpg,626,546,3,141347,341796,41.3542,Large,False
cju8432cmkgq90871cxe4iptl.jpg,Data/Kvasir-SEG/images/cju8432cmkgq90871cxe4iptl.jpg,Data/Kvasir-SEG/masks/cju8432cmkgq90871cxe4iptl.jpg,626,546,3,102789,341796,30.0732,Large,False
cju843yjskhq30818qre4rwm2.jpg,Data/Kvasir-SEG/images/cju843yjskhq30818qre4rwm2.jpg,Data/Kvasir-SEG/masks/cju843yjskhq30818qre4rwm2.jpg,547,437,3,13087,239039,5.4748,Medium,False
cju846ec0kj7z08012o10klrb.jpg,Data/Kvasir-SEG/images/cju846ec0kj7z08012o10klrb.jpg,Data/Kvasir-SEG/masks/cju846ec0kj7z08012o10klrb.jpg,616,530,3,32180,326480,9.8567,Medium,False
cju847pxykriq0755268ktrk2.jpg,Data/Kvasir-SEG/images/cju847pxykriq0755268ktrk2.jpg,Data/Kvasir-SEG/masks/cju847pxykriq0755268ktrk2.jpg,606,531,3,68479,321786,21.2809,Large,False
cju849c23kgnk0817cgv2hw1e.jpg,Data/Kvasir-SEG/images/cju849c23kgnk0817cgv2hw1e.jpg,Data/Kvasir-SEG/masks/cju849c23kgnk0817cgv2hw1e.jpg,622,531,3,26578,330282,8.0471,Medium,False
cju84aoa3ktwn0755pfl4gfwd.jpg,Data/Kvasir-SEG/images/cju84aoa3ktwn0755pfl4gfwd.jpg,Data/Kvasir-SEG/masks/cju84aoa3ktwn0755pfl4gfwd.jpg,626,547,3,117741,342422,34.3848,Large,False
cju84dsvaklpx098750hp83x4.jpg,Data/Kvasir-SEG/images/cju84dsvaklpx098750hp83x4.jpg,Data/Kvasir-SEG/masks/cju84dsvaklpx098750hp83x4.jpg,570,530,3,115421,302100,38.2062,Large,False
cju84ffdzkrjn08183jh1fxmb.jpg,Data/Kvasir-SEG/images/cju84ffdzkrjn08183jh1fxmb.jpg,Data/Kvasir-SEG/masks/cju84ffdzkrjn08183jh1fxmb.jpg,616,529,3,25078,325864,7.6958,Medium,False
cju84gpefknwm098714oq8q61.jpg,Data/Kvasir-SEG/images/cju84gpefknwm098714oq8q61.jpg,Data/Kvasir-SEG/masks/cju84gpefknwm098714oq8q61.jpg,622,528,3,43297,328416,13.1836,Medium,False
cju84hibuktj80871u519o71q.jpg,Data/Kvasir-SEG/images/cju84hibuktj80871u519o71q.jpg,Data/Kvasir-SEG/masks/cju84hibuktj80871u519o71q.jpg,622,529,3,20670,329038,6.2819,Medium,False
cju84ih17kp5l09876bkooocl.jpg,Data/Kvasir-SEG/images/cju84ih17kp5l09876bkooocl.jpg,Data/Kvasir-SEG/masks/cju84ih17kp5l09876bkooocl.jpg,622,531,3,36395,330282,11.0194,Medium,False
cju84jdl9kv0i0871eog9b3i9.jpg,Data/Kvasir-SEG/images/cju84jdl9kv0i0871eog9b3i9.jpg,Data/Kvasir-SEG/masks/cju84jdl9kv0i0871eog9b3i9.jpg,1348,1070,3,310883,1442360,21.5538,Large,False
cju84kplnl1y30755ropua1b0.jpg,Data/Kvasir-SEG/images/cju84kplnl1y30755ropua1b0.jpg,Data/Kvasir-SEG/masks/cju84kplnl1y30755ropua1b0.jpg,622,528,3,160649,328416,48.9163,Large,False
cju8567gdlcbq0801dwwyo2jt.jpg,Data/Kvasir-SEG/images/cju8567gdlcbq0801dwwyo2jt.jpg,Data/Kvasir-SEG/masks/cju8567gdlcbq0801dwwyo2jt.jpg,570,530,3,90910,302100,30.0927,Large,False
cju857ad0l88m0817qx4cwxnf.jpg,Data/Kvasir-SEG/images/cju857ad0l88m0817qx4cwxnf.jpg,Data/Kvasir-SEG/masks/cju857ad0l88m0817qx4cwxnf.jpg,623,529,3,41866,329567,12.7033,Medium,False
cju858eswlepn0871pzvdrhj1.jpg,Data/Kvasir-SEG/images/cju858eswlepn0871pzvdrhj1.jpg,Data/Kvasir-SEG/masks/cju858eswlepn0871pzvdrhj1.jpg,570,530,3,68318,302100,22.6144,Large,False
cju85a8h8llwm07559wxg4t5w.jpg,Data/Kvasir-SEG/images/cju85a8h8llwm07559wxg4t5w.jpg,Data/Kvasir-SEG/masks/cju85a8h8llwm07559wxg4t5w.jpg,622,529,3,19329,329038,5.8744,Medium,False
cju85bf1algsq0871y9gtlq97.jpg,Data/Kvasir-SEG/images/cju85bf1algsq0871y9gtlq97.jpg,Data/Kvasir-SEG/masks/cju85bf1algsq0871y9gtlq97.jpg,475,528,3,21324,250800,8.5024,Medium,False
cju85c2d4ln1b0755zz1z3onx.jpg,Data/Kvasir-SEG/images/cju85c2d4ln1b0755zz1z3onx.jpg,Data/Kvasir-SEG/masks/cju85c2d4ln1b0755zz1z3onx.jpg,599,531,3,4238,318069,1.3324,Small,False
cju85citjlnfm0755i4rk5tqj.jpg,Data/Kvasir-SEG/images/cju85citjlnfm0755i4rk5tqj.jpg,Data/Kvasir-SEG/masks/cju85citjlnfm0755i4rk5tqj.jpg,623,547,3,7992,340781,2.3452,Small,False
cju85dx63lic408017f0l0400.jpg,Data/Kvasir-SEG/images/cju85dx63lic408017f0l0400.jpg,Data/Kvasir-SEG/masks/cju85dx63lic408017f0l0400.jpg,595,528,3,9680,314160,3.0812,Small,False
cju85fc11ljr40818edpb0inh.jpg,Data/Kvasir-SEG/images/cju85fc11ljr40818edpb0inh.jpg,Data/Kvasir-SEG/masks/cju85fc11ljr40818edpb0inh.jpg,607,528,3,102183,320496,31.8828,Large,False
cju85hguellg50818kwu3s8d1.jpg,Data/Kvasir-SEG/images/cju85hguellg50818kwu3s8d1.jpg,Data/Kvasir-SEG/masks/cju85hguellg50818kwu3s8d1.jpg,622,528,3,131265,328416,39.9691,Large,False
cju85ia1slh220987y7c20sm2.jpg,Data/Kvasir-SEG/images/cju85ia1slh220987y7c20sm2.jpg,Data/Kvasir-SEG/masks/cju85ia1slh220987y7c20sm2.jpg,622,528,3,24082,328416,7.3328,Medium,False
cju85je7vlht70817c9jcjwi4.jpg,Data/Kvasir-SEG/images/cju85je7vlht70817c9jcjwi4.jpg,Data/Kvasir-SEG/masks/cju85je7vlht70817c9jcjwi4.jpg,1220,1011,3,441850,1233420,35.8232,Large,False
cju85l4yjlops0801fvmnwptf.jpg,Data/Kvasir-SEG/images/cju85l4yjlops0801fvmnwptf.jpg,Data/Kvasir-SEG/masks/cju85l4yjlops0801fvmnwptf.jpg,570,531,3,106009,302670,35.0246,Large,False
cju85mpuglq8k0818d2it6hzb.jpg,Data/Kvasir-SEG/images/cju85mpuglq8k0818d2it6hzb.jpg,Data/Kvasir-SEG/masks/cju85mpuglq8k0818d2it6hzb.jpg,615,546,3,60506,335790,18.019,Medium,False
cju85nr8elly209872w9n5m0s.jpg,Data/Kvasir-SEG/images/cju85nr8elly209872w9n5m0s.jpg,Data/Kvasir-SEG/masks/cju85nr8elly209872w9n5m0s.jpg,615,529,3,19845,325335,6.0999,Medium,False
cju85omszllp30850b6rm9mi3.jpg,Data/Kvasir-SEG/images/cju85omszllp30850b6rm9mi3.jpg,Data/Kvasir-SEG/masks/cju85omszllp30850b6rm9mi3.jpg,622,531,3,40464,330282,12.2513,Medium,False
cju85plp7lmkw0850rx42jdpf.jpg,Data/Kvasir-SEG/images/cju85plp7lmkw0850rx42jdpf.jpg,Data/Kvasir-SEG/masks/cju85plp7lmkw0850rx42jdpf.jpg,596,530,3,96908,315880,30.6787,Large,False
cju85qefyln6v0850szeb9byi.jpg,Data/Kvasir-SEG/images/cju85qefyln6v0850szeb9byi.jpg,Data/Kvasir-SEG/masks/cju85qefyln6v0850szeb9byi.jpg,570,529,3,115845,301530,38.4191,Large,False
cju85rkbnlo1c08503uxcpax1.jpg,Data/Kvasir-SEG/images/cju85rkbnlo1c08503uxcpax1.jpg,Data/Kvasir-SEG/masks/cju85rkbnlo1c08503uxcpax1.jpg,622,531,3,56508,330282,17.109,Medium,False
cju87kbcen2av0987usezo8kn.jpg,Data/Kvasir-SEG/images/cju87kbcen2av0987usezo8kn.jpg,Data/Kvasir-SEG/masks/cju87kbcen2av0987usezo8kn.jpg,591,530,3,19088,313230,6.0939,Medium,False
cju87li0zn3yb0817kbwgjiz8.jpg,Data/Kvasir-SEG/images/cju87li0zn3yb0817kbwgjiz8.jpg,Data/Kvasir-SEG/masks/cju87li0zn3yb0817kbwgjiz8.jpg,562,449,3,159714,252338,63.2937,Large,False
cju87mrypnb1e0818scv1mxxg.jpg,Data/Kvasir-SEG/images/cju87mrypnb1e0818scv1mxxg.jpg,Data/Kvasir-SEG/masks/cju87mrypnb1e0818scv1mxxg.jpg,615,530,3,13294,325950,4.0785,Small,False
cju87nkyrnb970801q84m47yt.jpg,Data/Kvasir-SEG/images/cju87nkyrnb970801q84m47yt.jpg,Data/Kvasir-SEG/masks/cju87nkyrnb970801q84m47yt.jpg,620,530,3,30116,328600,9.1649,Medium,False
cju87ox0kncom0801b98hqnd2.jpg,Data/Kvasir-SEG/images/cju87ox0kncom0801b98hqnd2.jpg,Data/Kvasir-SEG/masks/cju87ox0kncom0801b98hqnd2.jpg,626,546,3,22258,341796,6.5121,Medium,False
cju87q6yoneim0871dl4phvkd.jpg,Data/Kvasir-SEG/images/cju87q6yoneim0871dl4phvkd.jpg,Data/Kvasir-SEG/masks/cju87q6yoneim0871dl4phvkd.jpg,626,546,3,88326,341796,25.8417,Large,False
cju87r56lnkyp0755hz30leew.jpg,Data/Kvasir-SEG/images/cju87r56lnkyp0755hz30leew.jpg,Data/Kvasir-SEG/masks/cju87r56lnkyp0755hz30leew.jpg,566,429,3,74800,242814,30.8055,Large,False
cju87tyddnnad0755bj0wxahe.jpg,Data/Kvasir-SEG/images/cju87tyddnnad0755bj0wxahe.jpg,Data/Kvasir-SEG/masks/cju87tyddnnad0755bj0wxahe.jpg,551,477,3,118655,262827,45.1457,Large,False
cju87vqa0ndwg0850onjdz7ol.jpg,Data/Kvasir-SEG/images/cju87vqa0ndwg0850onjdz7ol.jpg,Data/Kvasir-SEG/masks/cju87vqa0ndwg0850onjdz7ol.jpg,556,530,3,198413,294680,67.3317,Large,False
cju87xn2snfmv0987sc3d9xnq.jpg,Data/Kvasir-SEG/images/cju87xn2snfmv0987sc3d9xnq.jpg,Data/Kvasir-SEG/masks/cju87xn2snfmv0987sc3d9xnq.jpg,604,530,3,52794,320120,16.4919,Medium,False
cju87z6o6nh73085045bzsx6o.jpg,Data/Kvasir-SEG/images/cju87z6o6nh73085045bzsx6o.jpg,Data/Kvasir-SEG/masks/cju87z6o6nh73085045bzsx6o.jpg,622,530,3,38642,329660,11.7218,Medium,False
cju87zv8lni0o0850hbbecbq6.jpg,Data/Kvasir-SEG/images/cju87zv8lni0o0850hbbecbq6.jpg,Data/Kvasir-SEG/masks/cju87zv8lni0o0850hbbecbq6.jpg,622,528,3,4656,328416,1.4177,Small,False
cju8828oxnool0801qno9luhr.jpg,Data/Kvasir-SEG/images/cju8828oxnool0801qno9luhr.jpg,Data/Kvasir-SEG/masks/cju8828oxnool0801qno9luhr.jpg,622,528,3,62654,328416,19.0776,Medium,False
cju884985nlmx0817vzpax3y4.jpg,Data/Kvasir-SEG/images/cju884985nlmx0817vzpax3y4.jpg,Data/Kvasir-SEG/masks/cju884985nlmx0817vzpax3y4.jpg,581,529,3,5656,307349,1.8403,Small,False
cju885ikhnmkn09878s2lqtuh.jpg,Data/Kvasir-SEG/images/cju885ikhnmkn09878s2lqtuh.jpg,Data/Kvasir-SEG/masks/cju885ikhnmkn09878s2lqtuh.jpg,570,530,3,29993,302100,9.9282,Medium,False
cju886ryxnsl50801r93jai7q.jpg,Data/Kvasir-SEG/images/cju886ryxnsl50801r93jai7q.jpg,Data/Kvasir-SEG/masks/cju886ryxnsl50801r93jai7q.jpg,622,530,3,42225,329660,12.8087,Medium,False
cju887ftknop008177nnjt46y.jpg,Data/Kvasir-SEG/images/cju887ftknop008177nnjt46y.jpg,Data/Kvasir-SEG/masks/cju887ftknop008177nnjt46y.jpg,619,528,3,11853,326832,3.6266,Small,False
cju888fr7nveu0818r9uwtiit.jpg,Data/Kvasir-SEG/images/cju888fr7nveu0818r9uwtiit.jpg,Data/Kvasir-SEG/masks/cju888fr7nveu0818r9uwtiit.jpg,571,530,3,39799,302630,13.151,Medium,False
cju88aq6vo1ij0755c2ey7z7n.jpg,Data/Kvasir-SEG/images/cju88aq6vo1ij0755c2ey7z7n.jpg,Data/Kvasir-SEG/masks/cju88aq6vo1ij0755c2ey7z7n.jpg,570,530,3,72396,302100,23.9643,Large,False
cju88cddensj00987788yotmg.jpg,Data/Kvasir-SEG/images/cju88cddensj00987788yotmg.jpg,Data/Kvasir-SEG/masks/cju88cddensj00987788yotmg.jpg,622,531,3,18666,330282,5.6515,Medium,False
cju88evxanv9r08176zkeovec.jpg,Data/Kvasir-SEG/images/cju88evxanv9r08176zkeovec.jpg,Data/Kvasir-SEG/masks/cju88evxanv9r08176zkeovec.jpg,570,530,3,43179,302100,14.2929,Medium,False
cju88fpm4o0tl0871w1i6a4ds.jpg,Data/Kvasir-SEG/images/cju88fpm4o0tl0871w1i6a4ds.jpg,Data/Kvasir-SEG/masks/cju88fpm4o0tl0871w1i6a4ds.jpg,611,423,3,6008,258453,2.3246,Small,False
cju88gx09o2vk0818610zody3.jpg,Data/Kvasir-SEG/images/cju88gx09o2vk0818610zody3.jpg,Data/Kvasir-SEG/masks/cju88gx09o2vk0818610zody3.jpg,626,547,3,23862,342422,6.9686,Medium,False
cju88itqbny720987hxizbj5y.jpg,Data/Kvasir-SEG/images/cju88itqbny720987hxizbj5y.jpg,Data/Kvasir-SEG/masks/cju88itqbny720987hxizbj5y.jpg,570,530,3,64319,302100,21.2906,Large,False
cju88k75inzyb0850ccv5x3vk.jpg,Data/Kvasir-SEG/images/cju88k75inzyb0850ccv5x3vk.jpg,Data/Kvasir-SEG/masks/cju88k75inzyb0850ccv5x3vk.jpg,549,531,3,70762,291519,24.2735,Large,False
cju88l66no10s0850rsda7ej1.jpg,Data/Kvasir-SEG/images/cju88l66no10s0850rsda7ej1.jpg,Data/Kvasir-SEG/masks/cju88l66no10s0850rsda7ej1.jpg,571,530,3,245681,302630,81.182,Large,False
cju88msmoo3470817m441j4sg.jpg,Data/Kvasir-SEG/images/cju88msmoo3470817m441j4sg.jpg,Data/Kvasir-SEG/masks/cju88msmoo3470817m441j4sg.jpg,615,530,3,49828,325950,15.287,Medium,False
cju88nroho44508500129f1nh.jpg,Data/Kvasir-SEG/images/cju88nroho44508500129f1nh.jpg,Data/Kvasir-SEG/masks/cju88nroho44508500129f1nh.jpg,621,530,3,8456,329130,2.5692,Small,False
cju88oh0po9gq0801nge4tgr1.jpg,Data/Kvasir-SEG/images/cju88oh0po9gq0801nge4tgr1.jpg,Data/Kvasir-SEG/masks/cju88oh0po9gq0801nge4tgr1.jpg,604,531,3,12280,320724,3.8288,Small,False
cju88q6h6obpd0871ckmiabbo.jpg,Data/Kvasir-SEG/images/cju88q6h6obpd0871ckmiabbo.jpg,Data/Kvasir-SEG/masks/cju88q6h6obpd0871ckmiabbo.jpg,626,546,3,35661,341796,10.4334,Medium,False
cju88rl5eo94l0850kf5wtrm1.jpg,Data/Kvasir-SEG/images/cju88rl5eo94l0850kf5wtrm1.jpg,Data/Kvasir-SEG/masks/cju88rl5eo94l0850kf5wtrm1.jpg,590,530,3,93487,312700,29.8967,Large,False
cju88t4fvokxf07558ymyh281.jpg,Data/Kvasir-SEG/images/cju88t4fvokxf07558ymyh281.jpg,Data/Kvasir-SEG/masks/cju88t4fvokxf07558ymyh281.jpg,570,530,3,15964,302100,5.2843,Medium,False
cju88trl3ogi208716qvti51b.jpg,Data/Kvasir-SEG/images/cju88trl3ogi208716qvti51b.jpg,Data/Kvasir-SEG/masks/cju88trl3ogi208716qvti51b.jpg,540,530,3,13853,286200,4.8403,Small,False
cju88v2f9oi8w0871hx9auh01.jpg,Data/Kvasir-SEG/images/cju88v2f9oi8w0871hx9auh01.jpg,Data/Kvasir-SEG/masks/cju88v2f9oi8w0871hx9auh01.jpg,626,546,3,7633,341796,2.2332,Small,False
cju88vx2uoocy075531lc63n3.jpg,Data/Kvasir-SEG/images/cju88vx2uoocy075531lc63n3.jpg,Data/Kvasir-SEG/masks/cju88vx2uoocy075531lc63n3.jpg,596,508,3,10028,302768,3.3121,Small,False
cju88y1mwoln50871emyfny1g.jpg,Data/Kvasir-SEG/images/cju88y1mwoln50871emyfny1g.jpg,Data/Kvasir-SEG/masks/cju88y1mwoln50871emyfny1g.jpg,621,529,3,116369,328509,35.4234,Large,False
cju88z8bson4h0871nnd7fdxo.jpg,Data/Kvasir-SEG/images/cju88z8bson4h0871nnd7fdxo.jpg,Data/Kvasir-SEG/masks/cju88z8bson4h0871nnd7fdxo.jpg,626,546,3,31109,341796,9.1016,Medium,False
cju890guyoiti098753yg6cdu.jpg,Data/Kvasir-SEG/images/cju890guyoiti098753yg6cdu.jpg,Data/Kvasir-SEG/masks/cju890guyoiti098753yg6cdu.jpg,626,547,3,39045,342422,11.4026,Medium,False
cju8914beokbf0850isxpocrk.jpg,Data/Kvasir-SEG/images/cju8914beokbf0850isxpocrk.jpg,Data/Kvasir-SEG/masks/cju8914beokbf0850isxpocrk.jpg,626,547,3,7056,342422,2.0606,Small,False
cju892fesoq2g0801n0e0jyia.jpg,Data/Kvasir-SEG/images/cju892fesoq2g0801n0e0jyia.jpg,Data/Kvasir-SEG/masks/cju892fesoq2g0801n0e0jyia.jpg,589,546,3,69107,321594,21.4889,Large,False
cju893jmdompz0817xn3g1w4h.jpg,Data/Kvasir-SEG/images/cju893jmdompz0817xn3g1w4h.jpg,Data/Kvasir-SEG/masks/cju893jmdompz0817xn3g1w4h.jpg,626,547,3,55230,342422,16.1292,Medium,False
cju89y9h0puti0818i5yw29e6.jpg,Data/Kvasir-SEG/images/cju89y9h0puti0818i5yw29e6.jpg,Data/Kvasir-SEG/masks/cju89y9h0puti0818i5yw29e6.jpg,626,547,3,98402,342422,28.7371,Large,False
cju89z6pqpqfx0817mfv8ixjc.jpg,Data/Kvasir-SEG/images/cju89z6pqpqfx0817mfv8ixjc.jpg,Data/Kvasir-SEG/masks/cju89z6pqpqfx0817mfv8ixjc.jpg,622,531,3,4905,330282,1.4851,Small,False
cju8a1jtvpt9m081712iwkca7.jpg,Data/Kvasir-SEG/images/cju8a1jtvpt9m081712iwkca7.jpg,Data/Kvasir-SEG/masks/cju8a1jtvpt9m081712iwkca7.jpg,1348,1070,3,269591,1442360,18.691,Medium,False
cju8a2itsq4dv0755ntlovpxe.jpg,Data/Kvasir-SEG/images/cju8a2itsq4dv0755ntlovpxe.jpg,Data/Kvasir-SEG/masks/cju8a2itsq4dv0755ntlovpxe.jpg,582,531,3,11849,309042,3.8341,Small,False
cju8a3nhbpwnb0850d37fo2na.jpg,Data/Kvasir-SEG/images/cju8a3nhbpwnb0850d37fo2na.jpg,Data/Kvasir-SEG/masks/cju8a3nhbpwnb0850d37fo2na.jpg,622,528,3,19487,328416,5.9336,Medium,False
cju8a56vxpy780850r45yu4wk.jpg,Data/Kvasir-SEG/images/cju8a56vxpy780850r45yu4wk.jpg,Data/Kvasir-SEG/masks/cju8a56vxpy780850r45yu4wk.jpg,584,530,3,38780,309520,12.5291,Medium,False
cju8a84g0q76m0818hwiggkod.jpg,Data/Kvasir-SEG/images/cju8a84g0q76m0818hwiggkod.jpg,Data/Kvasir-SEG/masks/cju8a84g0q76m0818hwiggkod.jpg,554,529,3,135265,293066,46.1551,Large,False
cju8abobpqbir08189u01huru.jpg,Data/Kvasir-SEG/images/cju8abobpqbir08189u01huru.jpg,Data/Kvasir-SEG/masks/cju8abobpqbir08189u01huru.jpg,626,547,3,36875,342422,10.7689,Medium,False
cju8adb60qbiu080188mxpf8d.jpg,Data/Kvasir-SEG/images/cju8adb60qbiu080188mxpf8d.jpg,Data/Kvasir-SEG/masks/cju8adb60qbiu080188mxpf8d.jpg,623,528,3,26350,328944,8.0105,Medium,False
cju8aeei7q8k308173n9y4klv.jpg,Data/Kvasir-SEG/images/cju8aeei7q8k308173n9y4klv.jpg,Data/Kvasir-SEG/masks/cju8aeei7q8k308173n9y4klv.jpg,606,528,3,21184,319968,6.6207,Medium,False
cju8aj01yqeqm0850lhdz3xdw.jpg,Data/Kvasir-SEG/images/cju8aj01yqeqm0850lhdz3xdw.jpg,Data/Kvasir-SEG/masks/cju8aj01yqeqm0850lhdz3xdw.jpg,622,531,3,69572,330282,21.0644,Large,False
cju8alhigqn2h0801zksudldd.jpg,Data/Kvasir-SEG/images/cju8alhigqn2h0801zksudldd.jpg,Data/Kvasir-SEG/masks/cju8alhigqn2h0801zksudldd.jpg,614,528,3,95964,324192,29.601,Large,False
cju8amfdtqi4x09871tygrgqe.jpg,Data/Kvasir-SEG/images/cju8amfdtqi4x09871tygrgqe.jpg,Data/Kvasir-SEG/masks/cju8amfdtqi4x09871tygrgqe.jpg,622,530,3,44037,329660,13.3583,Medium,False
cju8ando2qqdo0818ck7i1be1.jpg,Data/Kvasir-SEG/images/cju8ando2qqdo0818ck7i1be1.jpg,Data/Kvasir-SEG/masks/cju8ando2qqdo0818ck7i1be1.jpg,570,530,3,25349,302100,8.3909,Medium,False
cju8apjewqrk00801k5d71gky.jpg,Data/Kvasir-SEG/images/cju8apjewqrk00801k5d71gky.jpg,Data/Kvasir-SEG/masks/cju8apjewqrk00801k5d71gky.jpg,451,530,3,34943,239030,14.6187,Medium,False
cju8aqq8uqmoq0987hphto9gg.jpg,Data/Kvasir-SEG/images/cju8aqq8uqmoq0987hphto9gg.jpg,Data/Kvasir-SEG/masks/cju8aqq8uqmoq0987hphto9gg.jpg,626,546,3,90708,341796,26.5386,Large,False
cju8arof2qpf20850ifr1bnqj.jpg,Data/Kvasir-SEG/images/cju8arof2qpf20850ifr1bnqj.jpg,Data/Kvasir-SEG/masks/cju8arof2qpf20850ifr1bnqj.jpg,594,530,3,47930,314820,15.2246,Medium,False
cju8ashhnquqr0801rwduzt7d.jpg,Data/Kvasir-SEG/images/cju8ashhnquqr0801rwduzt7d.jpg,Data/Kvasir-SEG/masks/cju8ashhnquqr0801rwduzt7d.jpg,1220,1011,3,89169,1233420,7.2294,Medium,False
cju8at3s1qqqx0850hcq8nmnq.jpg,Data/Kvasir-SEG/images/cju8at3s1qqqx0850hcq8nmnq.jpg,Data/Kvasir-SEG/masks/cju8at3s1qqqx0850hcq8nmnq.jpg,593,529,3,8337,313697,2.6577,Small,False
cju8auylgqx0z0871u4o4db7o.jpg,Data/Kvasir-SEG/images/cju8auylgqx0z0871u4o4db7o.jpg,Data/Kvasir-SEG/masks/cju8auylgqx0z0871u4o4db7o.jpg,622,531,3,9342,330282,2.8285,Small,False
cju8aw9n1qyg10801jkjlmors.jpg,Data/Kvasir-SEG/images/cju8aw9n1qyg10801jkjlmors.jpg,Data/Kvasir-SEG/masks/cju8aw9n1qyg10801jkjlmors.jpg,622,530,3,85497,329660,25.9349,Large,False
cju8axq24r4an0755yhv9d4ly.jpg,Data/Kvasir-SEG/images/cju8axq24r4an0755yhv9d4ly.jpg,Data/Kvasir-SEG/masks/cju8axq24r4an0755yhv9d4ly.jpg,603,530,3,11282,319590,3.5301,Small,False
cju8ayeq7r1fb0818z1junacy.jpg,Data/Kvasir-SEG/images/cju8ayeq7r1fb0818z1junacy.jpg,Data/Kvasir-SEG/masks/cju8ayeq7r1fb0818z1junacy.jpg,602,528,3,13255,317856,4.1701,Small,False
cju8azmhcr66e0755t61atz72.jpg,Data/Kvasir-SEG/images/cju8azmhcr66e0755t61atz72.jpg,Data/Kvasir-SEG/masks/cju8azmhcr66e0755t61atz72.jpg,548,531,3,51732,290988,17.7781,Medium,False
cju8b0jr0r2oi0801jiquetd5.jpg,Data/Kvasir-SEG/images/cju8b0jr0r2oi0801jiquetd5.jpg,Data/Kvasir-SEG/masks/cju8b0jr0r2oi0801jiquetd5.jpg,621,528,3,18801,327888,5.734,Medium,False
cju8b1v3br45u087189kku66u.jpg,Data/Kvasir-SEG/images/cju8b1v3br45u087189kku66u.jpg,Data/Kvasir-SEG/masks/cju8b1v3br45u087189kku66u.jpg,626,546,3,83748,341796,24.5023,Large,False
cju8b2rmgr52s0801p54eyflx.jpg,Data/Kvasir-SEG/images/cju8b2rmgr52s0801p54eyflx.jpg,Data/Kvasir-SEG/masks/cju8b2rmgr52s0801p54eyflx.jpg,587,530,3,51790,311110,16.6468,Medium,False
cju8b3ka8r64u0801fh18hk7l.jpg,Data/Kvasir-SEG/images/cju8b3ka8r64u0801fh18hk7l.jpg,Data/Kvasir-SEG/masks/cju8b3ka8r64u0801fh18hk7l.jpg,626,546,3,12029,341796,3.5194,Small,False
cju8b4ja9r2s808509d45ma86.jpg,Data/Kvasir-SEG/images/cju8b4ja9r2s808509d45ma86.jpg,Data/Kvasir-SEG/masks/cju8b4ja9r2s808509d45ma86.jpg,623,529,3,72614,329567,22.0332,Large,False
cju8b542nr81x0871uxnkm9ih.jpg,Data/Kvasir-SEG/images/cju8b542nr81x0871uxnkm9ih.jpg,Data/Kvasir-SEG/masks/cju8b542nr81x0871uxnkm9ih.jpg,622,531,3,6419,330282,1.9435,Small,False
cju8b5p40r2c60987ofa0mu03.jpg,Data/Kvasir-SEG/images/cju8b5p40r2c60987ofa0mu03.jpg,Data/Kvasir-SEG/masks/cju8b5p40r2c60987ofa0mu03.jpg,598,531,3,14604,317538,4.5991,Small,False
cju8b6rp0r5st0850184f79xt.jpg,Data/Kvasir-SEG/images/cju8b6rp0r5st0850184f79xt.jpg,Data/Kvasir-SEG/masks/cju8b6rp0r5st0850184f79xt.jpg,626,546,3,93948,341796,27.4866,Large,False
cju8b7aqtr4a00987coba14b7.jpg,Data/Kvasir-SEG/images/cju8b7aqtr4a00987coba14b7.jpg,Data/Kvasir-SEG/masks/cju8b7aqtr4a00987coba14b7.jpg,622,530,3,11540,329660,3.5006,Small,False
cju8b8yair65w09878pyqtr96.jpg,Data/Kvasir-SEG/images/cju8b8yair65w09878pyqtr96.jpg,Data/Kvasir-SEG/masks/cju8b8yair65w09878pyqtr96.jpg,520,529,3,34599,275080,12.5778,Medium,False
cju8bafgqrf4x0818twisk3ea.jpg,Data/Kvasir-SEG/images/cju8bafgqrf4x0818twisk3ea.jpg,Data/Kvasir-SEG/masks/cju8bafgqrf4x0818twisk3ea.jpg,531,530,3,49269,281430,17.5067,Medium,False
cju8bbznkrf5g0871jncffynk.jpg,Data/Kvasir-SEG/images/cju8bbznkrf5g0871jncffynk.jpg,Data/Kvasir-SEG/masks/cju8bbznkrf5g0871jncffynk.jpg,619,531,3,74832,328689,22.7668,Large,False
cju8bff9nrfi10850fmfzbf8v.jpg,Data/Kvasir-SEG/images/cju8bff9nrfi10850fmfzbf8v.jpg,Data/Kvasir-SEG/masks/cju8bff9nrfi10850fmfzbf8v.jpg,437,529,3,25460,231173,11.0134,Medium,False
cju8bgdmqrksy0801tozdmraa.jpg,Data/Kvasir-SEG/images/cju8bgdmqrksy0801tozdmraa.jpg,Data/Kvasir-SEG/masks/cju8bgdmqrksy0801tozdmraa.jpg,622,529,3,14029,329038,4.2636,Small,False
cju8bh8surexp0987o5pzklk1.jpg,Data/Kvasir-SEG/images/cju8bh8surexp0987o5pzklk1.jpg,Data/Kvasir-SEG/masks/cju8bh8surexp0987o5pzklk1.jpg,577,506,3,66553,291962,22.7951,Large,False
cju8bi8q7rlmn0871abc5ch8k.jpg,Data/Kvasir-SEG/images/cju8bi8q7rlmn0871abc5ch8k.jpg,Data/Kvasir-SEG/masks/cju8bi8q7rlmn0871abc5ch8k.jpg,622,531,3,21259,330282,6.4366,Medium,False
cju8bj2ssrmlm0871gc2ug2rs.jpg,Data/Kvasir-SEG/images/cju8bj2ssrmlm0871gc2ug2rs.jpg,Data/Kvasir-SEG/masks/cju8bj2ssrmlm0871gc2ug2rs.jpg,469,449,3,998,210581,0.4739,Small,False
cju8bk8oirjhw0817hgkua2w8.jpg,Data/Kvasir-SEG/images/cju8bk8oirjhw0817hgkua2w8.jpg,Data/Kvasir-SEG/masks/cju8bk8oirjhw0817hgkua2w8.jpg,575,509,3,86202,292675,29.4531,Large,False
cju8bljw9rqk20801kr54akrl.jpg,Data/Kvasir-SEG/images/cju8bljw9rqk20801kr54akrl.jpg,Data/Kvasir-SEG/masks/cju8bljw9rqk20801kr54akrl.jpg,621,529,3,91083,328509,27.7262,Large,False
cju8bm24yrrdp081829mbo8ic.jpg,Data/Kvasir-SEG/images/cju8bm24yrrdp081829mbo8ic.jpg,Data/Kvasir-SEG/masks/cju8bm24yrrdp081829mbo8ic.jpg,626,546,3,26177,341796,7.6587,Medium,False
cju8bn7m2rmm70817hgxpb1uq.jpg,Data/Kvasir-SEG/images/cju8bn7m2rmm70817hgxpb1uq.jpg,Data/Kvasir-SEG/masks/cju8bn7m2rmm70817hgxpb1uq.jpg,626,547,3,76695,342422,22.3978,Large,False
cju8bop5jrsid08716i24fqda.jpg,Data/Kvasir-SEG/images/cju8bop5jrsid08716i24fqda.jpg,Data/Kvasir-SEG/masks/cju8bop5jrsid08716i24fqda.jpg,622,531,3,24259,330282,7.3449,Medium,False
cju8bpctzrqkr0850zeldv9kt.jpg,Data/Kvasir-SEG/images/cju8bpctzrqkr0850zeldv9kt.jpg,Data/Kvasir-SEG/masks/cju8bpctzrqkr0850zeldv9kt.jpg,626,546,3,26529,341796,7.7616,Medium,False
cju8bqxxurs6i0850mu7mtef9.jpg,Data/Kvasir-SEG/images/cju8bqxxurs6i0850mu7mtef9.jpg,Data/Kvasir-SEG/masks/cju8bqxxurs6i0850mu7mtef9.jpg,600,528,3,40842,316800,12.892,Medium,False
cju8brv16rx7f0818uf5n89pv.jpg,Data/Kvasir-SEG/images/cju8brv16rx7f0818uf5n89pv.jpg,Data/Kvasir-SEG/masks/cju8brv16rx7f0818uf5n89pv.jpg,622,529,3,8582,329038,2.6082,Small,False
cju8bssulrrcy0987h1vq5060.jpg,Data/Kvasir-SEG/images/cju8bssulrrcy0987h1vq5060.jpg,Data/Kvasir-SEG/masks/cju8bssulrrcy0987h1vq5060.jpg,548,531,3,53445,290988,18.3667,Medium,False
cju8buos5rz9b08715lfr0f4f.jpg,Data/Kvasir-SEG/images/cju8buos5rz9b08715lfr0f4f.jpg,Data/Kvasir-SEG/masks/cju8buos5rz9b08715lfr0f4f.jpg,576,530,3,65788,305280,21.5501,Large,False
cju8bw697rwg308177tg8huas.jpg,Data/Kvasir-SEG/images/cju8bw697rwg308177tg8huas.jpg,Data/Kvasir-SEG/masks/cju8bw697rwg308177tg8huas.jpg,581,531,3,134768,308511,43.6834,Large,False
cju8bysfgrzkl081786jwac09.jpg,Data/Kvasir-SEG/images/cju8bysfgrzkl081786jwac09.jpg,Data/Kvasir-SEG/masks/cju8bysfgrzkl081786jwac09.jpg,619,471,3,50738,291549,17.4029,Medium,False
cju8bzzy2s66m08016z6mouqt.jpg,Data/Kvasir-SEG/images/cju8bzzy2s66m08016z6mouqt.jpg,Data/Kvasir-SEG/masks/cju8bzzy2s66m08016z6mouqt.jpg,622,529,3,22430,329038,6.8168,Medium,False
cju8c1a0ws7o208181c6lbsom.jpg,Data/Kvasir-SEG/images/cju8c1a0ws7o208181c6lbsom.jpg,Data/Kvasir-SEG/masks/cju8c1a0ws7o208181c6lbsom.jpg,625,546,3,116810,341250,34.23,Large,False
cju8c2rqzs5t80850d0zky5dy.jpg,Data/Kvasir-SEG/images/cju8c2rqzs5t80850d0zky5dy.jpg,Data/Kvasir-SEG/masks/cju8c2rqzs5t80850d0zky5dy.jpg,615,490,3,93795,301350,31.1249,Large,False
cju8c3xs7sauj0801ieyzezr5.jpg,Data/Kvasir-SEG/images/cju8c3xs7sauj0801ieyzezr5.jpg,Data/Kvasir-SEG/masks/cju8c3xs7sauj0801ieyzezr5.jpg,626,546,3,77527,341796,22.6822,Large,False
cju8c5223s8j80850b4kealt4.jpg,Data/Kvasir-SEG/images/cju8c5223s8j80850b4kealt4.jpg,Data/Kvasir-SEG/masks/cju8c5223s8j80850b4kealt4.jpg,619,529,3,23336,327451,7.1266,Medium,False
cju8c5mxls96t0850wvkvsity.jpg,Data/Kvasir-SEG/images/cju8c5mxls96t0850wvkvsity.jpg,Data/Kvasir-SEG/masks/cju8c5mxls96t0850wvkvsity.jpg,609,531,3,42038,323379,12.9996,Medium,False
cju8c5zcbsdfz0801o5t6jag1.jpg,Data/Kvasir-SEG/images/cju8c5zcbsdfz0801o5t6jag1.jpg,Data/Kvasir-SEG/masks/cju8c5zcbsdfz0801o5t6jag1.jpg,626,546,3,8960,341796,2.6214,Small,False
cju8c6hnxsdvr0801wn0vrsa6.jpg,Data/Kvasir-SEG/images/cju8c6hnxsdvr0801wn0vrsa6.jpg,Data/Kvasir-SEG/masks/cju8c6hnxsdvr0801wn0vrsa6.jpg,617,531,3,3628,327627,1.1074,Small,False
cju8c82iosagu0817l74s4m5g.jpg,Data/Kvasir-SEG/images/cju8c82iosagu0817l74s4m5g.jpg,Data/Kvasir-SEG/masks/cju8c82iosagu0817l74s4m5g.jpg,626,547,3,124469,342422,36.3496,Large,False
cju8c9akjsdjj0850s67uzlxq.jpg,Data/Kvasir-SEG/images/cju8c9akjsdjj0850s67uzlxq.jpg,Data/Kvasir-SEG/masks/cju8c9akjsdjj0850s67uzlxq.jpg,570,518,3,35776,295260,12.1168,Medium,False
cju8ca4geseia0850i2ru11hw.jpg,Data/Kvasir-SEG/images/cju8ca4geseia0850i2ru11hw.jpg,Data/Kvasir-SEG/masks/cju8ca4geseia0850i2ru11hw.jpg,617,529,3,29822,326393,9.1368,Medium,False
cju8cattbsivm0818p446wgel.jpg,Data/Kvasir-SEG/images/cju8cattbsivm0818p446wgel.jpg,Data/Kvasir-SEG/masks/cju8cattbsivm0818p446wgel.jpg,621,531,3,129530,329751,39.2812,Large,False
cju8cbsyssiqj0871gr4jedjp.jpg,Data/Kvasir-SEG/images/cju8cbsyssiqj0871gr4jedjp.jpg,Data/Kvasir-SEG/masks/cju8cbsyssiqj0871gr4jedjp.jpg,571,531,3,43405,303201,14.3156,Medium,False
cju8cdeazsm8h0801jxifmzur.jpg,Data/Kvasir-SEG/images/cju8cdeazsm8h0801jxifmzur.jpg,Data/Kvasir-SEG/masks/cju8cdeazsm8h0801jxifmzur.jpg,626,547,3,43563,342422,12.722,Medium,False
cju8ceacrsqkr0755hdz145es.jpg,Data/Kvasir-SEG/images/cju8ceacrsqkr0755hdz145es.jpg,Data/Kvasir-SEG/masks/cju8ceacrsqkr0755hdz145es.jpg,566,492,3,10909,278472,3.9174,Small,False
cju8cgi2kspp308011nxdtjp6.jpg,Data/Kvasir-SEG/images/cju8cgi2kspp308011nxdtjp6.jpg,Data/Kvasir-SEG/masks/cju8cgi2kspp308011nxdtjp6.jpg,619,530,3,9655,328070,2.943,Small,False
cju8chdlqsu620755azjty1tj.jpg,Data/Kvasir-SEG/images/cju8chdlqsu620755azjty1tj.jpg,Data/Kvasir-SEG/masks/cju8chdlqsu620755azjty1tj.jpg,622,530,3,34750,329660,10.5412,Medium,False
cju8chxndsre008015uisl4si.jpg,Data/Kvasir-SEG/images/cju8chxndsre008015uisl4si.jpg,Data/Kvasir-SEG/masks/cju8chxndsre008015uisl4si.jpg,605,444,3,9691,268620,3.6077,Small,False
cju8cj10qsrau0871o2dr6ai1.jpg,Data/Kvasir-SEG/images/cju8cj10qsrau0871o2dr6ai1.jpg,Data/Kvasir-SEG/masks/cju8cj10qsrau0871o2dr6ai1.jpg,622,530,3,23375,329660,7.0906,Medium,False
cju8clorgsuwn08714toqb7v6.jpg,Data/Kvasir-SEG/images/cju8clorgsuwn08714toqb7v6.jpg,Data/Kvasir-SEG/masks/cju8clorgsuwn08714toqb7v6.jpg,570,531,3,37668,302670,12.4452,Medium,False
cju8cwy02t9eq08185qn12c02.jpg,Data/Kvasir-SEG/images/cju8cwy02t9eq08185qn12c02.jpg,Data/Kvasir-SEG/masks/cju8cwy02t9eq08185qn12c02.jpg,626,547,3,44301,342422,12.9375,Medium,False
cju8czvnztbf40871b4m7t78w.jpg,Data/Kvasir-SEG/images/cju8czvnztbf40871b4m7t78w.jpg,Data/Kvasir-SEG/masks/cju8czvnztbf40871b4m7t78w.jpg,626,546,3,45636,341796,13.3518,Medium,False
cju8d2q30tfhs0801n7lx77xl.jpg,Data/Kvasir-SEG/images/cju8d2q30tfhs0801n7lx77xl.jpg,Data/Kvasir-SEG/masks/cju8d2q30tfhs0801n7lx77xl.jpg,614,546,3,56871,335244,16.9641,Medium,False
cju8d4jgatgpj0871q2ophhkm.jpg,Data/Kvasir-SEG/images/cju8d4jgatgpj0871q2ophhkm.jpg,Data/Kvasir-SEG/masks/cju8d4jgatgpj0871q2ophhkm.jpg,622,531,3,48115,330282,14.5679,Medium,False
cju8dic9mtppa0987swn23wbc.jpg,Data/Kvasir-SEG/images/cju8dic9mtppa0987swn23wbc.jpg,Data/Kvasir-SEG/masks/cju8dic9mtppa0987swn23wbc.jpg,611,531,3,79561,324441,24.5225,Large,False
cju8djdqztu6408506pzhlo18.jpg,Data/Kvasir-SEG/images/cju8djdqztu6408506pzhlo18.jpg,Data/Kvasir-SEG/masks/cju8djdqztu6408506pzhlo18.jpg,611,530,3,28975,323830,8.9476,Medium,False
cju8dk7eztzup08182yxko5zh.jpg,Data/Kvasir-SEG/images/cju8dk7eztzup08182yxko5zh.jpg,Data/Kvasir-SEG/masks/cju8dk7eztzup08182yxko5zh.jpg,623,528,3,18027,328944,5.4803,Medium,False
cju8dm2cau2km0818jsv9eeq2.jpg,Data/Kvasir-SEG/images/cju8dm2cau2km0818jsv9eeq2.jpg,Data/Kvasir-SEG/masks/cju8dm2cau2km0818jsv9eeq2.jpg,626,547,3,40246,342422,11.7533,Medium,False
cju8dn0c3u2v50801k8rvq02f.jpg,Data/Kvasir-SEG/images/cju8dn0c3u2v50801k8rvq02f.jpg,Data/Kvasir-SEG/masks/cju8dn0c3u2v50801k8rvq02f.jpg,1348,1070,3,452775,1442360,31.3913,Large,False
cju8doa16u5gh0818w1ywda3q.jpg,Data/Kvasir-SEG/images/cju8doa16u5gh0818w1ywda3q.jpg,Data/Kvasir-SEG/masks/cju8doa16u5gh0818w1ywda3q.jpg,622,529,3,236484,329038,71.8713,Large,False
cju8dpa89u6l80818dj6lldh9.jpg,Data/Kvasir-SEG/images/cju8dpa89u6l80818dj6lldh9.jpg,Data/Kvasir-SEG/masks/cju8dpa89u6l80818dj6lldh9.jpg,623,529,3,39350,329567,11.9399,Medium,False
cju8dqkrqu83i0818ev74qpxq.jpg,Data/Kvasir-SEG/images/cju8dqkrqu83i0818ev74qpxq.jpg,Data/Kvasir-SEG/masks/cju8dqkrqu83i0818ev74qpxq.jpg,1348,1070,3,859947,1442360,59.6208,Large,False
cjyzjzssvd8pq0838f4nolj5l.jpg,Data/Kvasir-SEG/images/cjyzjzssvd8pq0838f4nolj5l.jpg,Data/Kvasir-SEG/masks/cjyzjzssvd8pq0838f4nolj5l.jpg,720,576,3,14198,414720,3.4235,Small,False
cjyzk8qieoboa0848ogj51wwm.jpg,Data/Kvasir-SEG/images/cjyzk8qieoboa0848ogj51wwm.jpg,Data/Kvasir-SEG/masks/cjyzk8qieoboa0848ogj51wwm.jpg,720,576,3,196427,414720,47.3638,Large,False
cjyzkmjy8evns070165gf9dmq.jpg,Data/Kvasir-SEG/images/cjyzkmjy8evns070165gf9dmq.jpg,Data/Kvasir-SEG/masks/cjyzkmjy8evns070165gf9dmq.jpg,720,576,3,40320,414720,9.7222,Medium,False
cjyzkpsbjdsjq07211dfi4sru.jpg,Data/Kvasir-SEG/images/cjyzkpsbjdsjq07211dfi4sru.jpg,Data/Kvasir-SEG/masks/cjyzkpsbjdsjq07211dfi4sru.jpg,720,576,3,10194,414720,2.458,Small,False
cjyzl833ndne80838pzuq6ila.jpg,Data/Kvasir-SEG/images/cjyzl833ndne80838pzuq6ila.jpg,Data/Kvasir-SEG/masks/cjyzl833ndne80838pzuq6ila.jpg,720,576,3,56144,414720,13.5378,Medium,False
cjyzlw7f9faqr070129au64sq.jpg,Data/Kvasir-SEG/images/cjyzlw7f9faqr070129au64sq.jpg,Data/Kvasir-SEG/masks/cjyzlw7f9faqr070129au64sq.jpg,720,576,3,39013,414720,9.4071,Medium,False
cjyztzaqtrv430848l8xgcerw.jpg,Data/Kvasir-SEG/images/cjyztzaqtrv430848l8xgcerw.jpg,Data/Kvasir-SEG/masks/cjyztzaqtrv430848l8xgcerw.jpg,720,576,3,81325,414720,19.6096,Medium,False
cjyzu3reghjya0794w7pwoi50.jpg,Data/Kvasir-SEG/images/cjyzu3reghjya0794w7pwoi50.jpg,Data/Kvasir-SEG/masks/cjyzu3reghjya0794w7pwoi50.jpg,720,576,3,50072,414720,12.0737,Medium,False
cjyzu9th0qt4r0a46pyl4zik0.jpg,Data/Kvasir-SEG/images/cjyzu9th0qt4r0a46pyl4zik0.jpg,Data/Kvasir-SEG/masks/cjyzu9th0qt4r0a46pyl4zik0.jpg,720,576,3,27368,414720,6.5992,Medium,False
cjyzufihqquiw0a46jatrbwln.jpg,Data/Kvasir-SEG/images/cjyzufihqquiw0a46jatrbwln.jpg,Data/Kvasir-SEG/masks/cjyzufihqquiw0a46jatrbwln.jpg,720,576,3,164631,414720,39.6969,Large,False
cjyzuio1qgh040763k56deohv.jpg,Data/Kvasir-SEG/images/cjyzuio1qgh040763k56deohv.jpg,Data/Kvasir-SEG/masks/cjyzuio1qgh040763k56deohv.jpg,720,576,3,5183,414720,1.2498,Small,False
cjyzul1qggwwj07216mhiv5sy.jpg,Data/Kvasir-SEG/images/cjyzul1qggwwj07216mhiv5sy.jpg,Data/Kvasir-SEG/masks/cjyzul1qggwwj07216mhiv5sy.jpg,1920,1072,3,93974,2058240,4.5657,Small,False
cjyzurzvohqnr0794es1itzek.jpg,Data/Kvasir-SEG/images/cjyzurzvohqnr0794es1itzek.jpg,Data/Kvasir-SEG/masks/cjyzurzvohqnr0794es1itzek.jpg,720,576,3,61114,414720,14.7362,Medium,False
cjz14qsk2wci60794un9ozwmw.jpg,Data/Kvasir-SEG/images/cjz14qsk2wci60794un9ozwmw.jpg,Data/Kvasir-SEG/masks/cjz14qsk2wci60794un9ozwmw.jpg,720,576,3,45370,414720,10.9399,Medium,False
ck2395w2mb4vu07480otsu6tw.jpg,Data/Kvasir-SEG/images/ck2395w2mb4vu07480otsu6tw.jpg,Data/Kvasir-SEG/masks/ck2395w2mb4vu07480otsu6tw.jpg,720,576,3,51563,414720,12.4332,Medium,False
ck2bxiswtxuw80838qkisqjwz.jpg,Data/Kvasir-SEG/images/ck2bxiswtxuw80838qkisqjwz.jpg,Data/Kvasir-SEG/masks/ck2bxiswtxuw80838qkisqjwz.jpg,621,520,3,142856,322920,44.2388,Large,False
ck2bxknhjvs1x0794iogrq49k.jpg,Data/Kvasir-SEG/images/ck2bxknhjvs1x0794iogrq49k.jpg,Data/Kvasir-SEG/masks/ck2bxknhjvs1x0794iogrq49k.jpg,603,528,3,38143,318384,11.9802,Medium,False
ck2bxlujamu330725szlc2jdu.jpg,Data/Kvasir-SEG/images/ck2bxlujamu330725szlc2jdu.jpg,Data/Kvasir-SEG/masks/ck2bxlujamu330725szlc2jdu.jpg,720,576,3,15757,414720,3.7994,Small,False
ck2bxpfgxu2mk0748gsh7xelu.jpg,Data/Kvasir-SEG/images/ck2bxpfgxu2mk0748gsh7xelu.jpg,Data/Kvasir-SEG/masks/ck2bxpfgxu2mk0748gsh7xelu.jpg,621,531,3,21994,329751,6.6699,Medium,False
ck2bxqz3evvg20794iiyv5v2m.jpg,Data/Kvasir-SEG/images/ck2bxqz3evvg20794iiyv5v2m.jpg,Data/Kvasir-SEG/masks/ck2bxqz3evvg20794iiyv5v2m.jpg,720,576,3,36184,414720,8.7249,Medium,False
ck2bxskgxxzfv08386xkqtqdy.jpg,Data/Kvasir-SEG/images/ck2bxskgxxzfv08386xkqtqdy.jpg,Data/Kvasir-SEG/masks/ck2bxskgxxzfv08386xkqtqdy.jpg,585,530,3,21992,310050,7.093,Medium,False
ck2bxw18mmz1k0725litqq2mc.jpg,Data/Kvasir-SEG/images/ck2bxw18mmz1k0725litqq2mc.jpg,Data/Kvasir-SEG/masks/ck2bxw18mmz1k0725litqq2mc.jpg,600,528,3,96844,316800,30.5694,Large,False
ck2da7fwcjfis07218r1rvm95.jpg,Data/Kvasir-SEG/images/ck2da7fwcjfis07218r1rvm95.jpg,Data/Kvasir-SEG/masks/ck2da7fwcjfis07218r1rvm95.jpg,720,576,3,15506,414720,3.7389,Small,False
